bedrooms,bathrooms,living_area,zipcode,city,state,latitude,longitude,property_type,year_built,has_garage,has_pool,has_fireplace,rent
2.0,2.0,1400.0,02190,Weymouth,MA,,,condos,,0,0,0,3000.0
1.0,1.0,700.0,02190,Weymouth,MA,,,apartment,,0,0,0,2200.0
2.0,1.0,1100.0,02190,Weymouth,MA,,,townhomes,,0,0,0,2500.0
2.0,1.0,1062.0,02190,Weymouth,MA,,,apartment,,0,0,0,3200.0
2.0,2.0,1100.0,02190,Weymouth,MA,,,townhomes,,0,0,0,3130.0
2.0,1.0,9999.0,02190,Weymouth,MA,,,apartment,,0,0,0,2200.0
2.0,1.0,984.0,02190,Weymouth,MA,,,single_family,,0,0,0,2500.0
1.0,1.0,700.0,02190,Weymouth,MA,,,apartment,,0,0,0,2200.0
,,,02190,Weymouth,MA,,,apartment,,0,0,0,
2.0,1.0,910.0,02190,Weymouth,MA,,,condos,,0,0,0,2300.0
1.0,1.0,900.0,02190,Weymouth,MA,,,apartment,,0,0,0,2300.0
,,,02190,Weymouth,MA,,,apartment,,0,0,0,
1.0,1.0,,02190,Weymouth,MA,,,single_family,,0,0,0,2095.0
2.0,1.0,878.0,02190,Weymouth,MA,,,single_family,,0,0,0,2800.0
2.0,1.0,912.0,02190,Weymouth,MA,,,condos,,0,0,0,2300.0
2.0,1.0,910.0,02190,Weymouth,MA,,,single_family,,0,0,0,2800.0
3.0,1.0,1104.0,02190,Weymouth,MA,,,apartment,,0,0,0,3000.0
1.0,1.0,750.0,02190,Weymouth,MA,,,apartment,,0,0,0,2200.0
1.0,1.0,680.0,02190,Weymouth,MA,,,condos,,0,0,0,2000.0
1.0,1.0,,02190,Weymouth,MA,,,apartment,,0,0,0,2000.0
2.0,2.0,1250.0,02190,Weymouth,MA,,,condos,,0,0,0,2300.0
,,,02190,Weymouth,MA,,,apartment,,0,0,0,
,,,02190,Weymouth,MA,,,apartment,,0,0,0,
,,,02190,Weymouth,MA,,,apartment,,0,0,0,
,,,02190,Weymouth,MA,,,apartment,,0,0,0,
,,,02190,Weymouth,MA,,,apartment,,0,0,0,
2.0,1.0,,02190,Weymouth,MA,,,condos,,0,0,0,2200.0
1.0,1.0,624.0,02190,Weymouth,MA,,,apartment,,0,0,0,2495.0
1.0,1.0,624.0,02190,Weymouth,MA,,,apartment,,0,0,0,2495.0
0.0,1.0,515.0,02190,Weymouth,MA,,,apartment,,0,0,0,2078.0
0.0,1.0,457.0,02190,Weymouth,MA,,,apartment,,0,0,0,2501.0
1.0,1.0,718.0,02190,Weymouth,MA,,,apartment,,0,0,0,2336.0
0.0,1.0,531.0,02190,Weymouth,MA,,,apartment,,0,0,0,2501.0
1.0,1.0,672.0,02190,Weymouth,MA,,,apartment,,0,0,0,2400.0
0.0,1.0,515.0,02190,Weymouth,MA,,,apartment,,0,0,0,2113.0
1.0,1.0,658.0,02190,Weymouth,MA,,,apartment,,0,0,0,2374.0
0.0,1.0,513.0,02190,Weymouth,MA,,,apartment,,0,0,0,2076.0
2.0,2.0,1007.0,02190,Weymouth,MA,,,apartment,,0,0,0,3135.0
2.0,2.0,1105.0,02190,Weymouth,MA,,,apartment,,0,0,0,3160.0
0.0,1.0,528.0,02190,Weymouth,MA,,,apartment,,0,0,0,2601.0
1.0,1.0,653.0,02190,Weymouth,MA,,,apartment,,0,0,0,2540.0
1.0,1.0,670.0,02190,Weymouth,MA,,,apartment,,0,0,0,2358.0
2.0,2.0,976.0,02190,Weymouth,MA,,,apartment,,0,0,0,3061.0
1.0,1.0,683.0,02190,Weymouth,MA,,,apartment,,0,0,0,2658.0
2.0,2.0,974.0,02190,Weymouth,MA,,,apartment,,0,0,0,3085.0
1.0,1.0,670.0,02190,Weymouth,MA,,,apartment,,0,0,0,2323.0
1.0,1.0,878.0,02116,Boston,MA,,,condos,,0,0,0,4200.0
1.0,1.0,650.0,02116,Boston,MA,,,apartment,,0,0,0,3000.0
1.0,1.0,650.0,02116,Boston,MA,,,apartment,,0,0,0,3000.0
0.0,1.0,507.0,02116,Boston,MA,,,condos,,0,0,0,3300.0
3.0,4.0,3026.0,02116,Boston,MA,,,single_family,,0,0,0,13000.0
1.0,1.0,550.0,02116,Boston,MA,,,apartment,,0,0,0,3290.0
2.0,2.0,99999.0,02116,Boston,MA,,,apartment,,0,0,0,5500.0
0.0,1.0,312.0,02116,Boston,MA,,,single_family,,0,0,0,4100.0
0.0,1.0,,02116,Boston,MA,,,apartment,,0,0,0,5940.0
0.0,1.0,,02116,Boston,MA,,,apartment,,0,0,0,5150.0
0.0,1.0,523.0,02116,Boston,MA,,,condos,,0,0,0,3000.0
0.0,1.0,505.0,02116,Boston,MA,,,condos,,0,0,0,3200.0
3.0,2.0,1875.0,02116,Boston,MA,,,condos,,0,0,0,7500.0
2.0,2.0,955.0,02116,Boston,MA,,,condos,,0,0,0,5000.0
2.0,1.0,801.0,02116,Boston,MA,,,condos,,0,0,0,4500.0
1.0,1.0,550.0,02116,Boston,MA,,,apartment,,0,0,0,3250.0
0.0,1.0,,02116,Boston,MA,,,apartment,,0,0,0,2145.0
1.0,1.0,700.0,02116,Boston,MA,,,condos,,0,0,0,3000.0
0.0,1.0,330.0,02116,Boston,MA,,,apartment,,0,0,0,2995.0
0.0,1.0,315.0,02116,Boston,MA,,,apartment,,0,0,0,3050.0
1.0,1.0,700.0,02116,Boston,MA,,,apartment,,0,0,0,4300.0
0.0,1.0,,02116,Boston,MA,,,condos,,0,0,0,2500.0
0.0,1.0,315.0,02116,Boston,MA,,,apartment,,0,0,0,3300.0
0.0,1.0,315.0,02116,Boston,MA,,,apartment,,0,0,0,3000.0
0.0,1.0,530.0,02116,Boston,MA,,,apartment,,0,0,0,4115.0
0.0,1.0,600.0,02116,Boston,MA,,,apartment,,0,0,0,2895.0
1.0,1.0,513.0,02116,Boston,MA,,,apartment,,0,0,0,3500.0
0.0,1.0,350.0,02116,Boston,MA,,,condos,,0,0,0,2350.0
0.0,1.0,666.0,02116,Boston,MA,,,apartment,,0,0,0,3980.0
0.0,1.0,315.0,02116,Boston,MA,,,apartment,,0,0,0,3000.0
2.0,2.0,990.0,02116,Boston,MA,,,apartment,,0,0,0,5285.0
0.0,1.0,315.0,02116,Boston,MA,,,apartment,,0,0,0,3125.0
1.0,1.0,,02116,Boston,MA,,,apartment,,0,0,0,5500.0
2.0,1.0,1200.0,02116,Boston,MA,,,apartment,,0,0,0,4250.0
2.0,3.0,1794.0,02116,Boston,MA,,,condos,,0,0,0,9000.0
1.0,1.0,,02116,Boston,MA,,,apartment,,0,0,0,3500.0
1.0,1.0,628.0,02116,Boston,MA,,,apartment,,0,0,0,3700.0
1.0,1.0,,02116,Boston,MA,,,apartment,,0,0,0,3925.0
0.0,1.0,,02116,Boston,MA,,,apartment,,0,0,0,2550.0
1.0,1.0,940.0,02116,Boston,MA,,,apartment,,0,0,0,3300.0
0.0,1.0,426.0,02116,Boston,MA,,,apartment,,0,0,0,2350.0
0.0,1.0,563.0,02116,Boston,MA,,,condos,,0,0,0,7500.0
1.0,1.0,566.0,02116,Boston,MA,,,apartment,,0,0,0,5335.0
2.0,2.0,1221.0,02116,Boston,MA,,,apartment,,0,0,0,5825.0
1.0,1.0,557.0,02116,Boston,MA,,,apartment,,0,0,0,3740.0
2.0,2.0,815.0,02116,Boston,MA,,,apartment,,0,0,0,5015.0
1.0,1.0,823.0,02116,Boston,MA,,,apartment,,0,0,0,4345.0
0.0,1.0,633.0,02116,Boston,MA,,,apartment,,0,0,0,3725.0
1.0,1.0,,02116,Boston,MA,,,apartment,,0,0,0,3100.0
0.0,1.0,543.0,02116,Boston,MA,,,apartment,,0,0,0,3100.0
2.0,2.0,815.0,02116,Boston,MA,,,apartment,,0,0,0,4880.0
0.0,1.0,543.0,02116,Boston,MA,,,apartment,,0,0,0,3100.0
1.0,1.0,600.0,02116,Boston,MA,,,condos,,0,0,0,3800.0
0.0,1.0,508.0,02116,Boston,MA,,,condos,,0,0,0,3000.0
1.0,1.0,500.0,02116,Boston,MA,,,apartment,,0,0,0,3400.0
2.0,1.0,730.0,02116,Boston,MA,,,condos,,0,0,0,4000.0
2.0,2.0,1240.0,02116,Boston,MA,,,condos,,0,0,0,6250.0
1.0,1.0,655.0,02116,Boston,MA,,,apartment,,0,0,0,4450.0
2.0,2.0,,02116,Boston,MA,,,apartment,,0,0,0,7750.0
1.0,1.0,950.0,02116,Boston,MA,,,condos,,0,0,0,4000.0
2.0,2.0,963.0,02116,Boston,MA,,,condos,,0,0,0,5300.0
1.0,1.0,,02116,Boston,MA,,,apartment,,0,0,0,3200.0
1.0,1.0,800.0,02116,Boston,MA,,,condos,,0,0,0,3100.0
2.0,1.0,99999.0,02116,Boston,MA,,,apartment,,0,0,0,3400.0
1.0,2.0,1035.0,02116,Boston,MA,,,condos,,0,0,0,5500.0
2.0,1.0,845.0,02116,Boston,MA,,,condos,,0,0,0,4500.0
1.0,1.0,736.0,02116,Boston,MA,,,condos,,0,0,0,3900.0
1.0,1.0,538.0,02116,Boston,MA,,,apartment,,0,0,0,6750.0
2.0,1.0,850.0,02116,Boston,MA,,,apartment,,0,0,0,4500.0
2.0,2.0,1450.0,02116,Boston,MA,,,apartment,,0,0,0,6000.0
2.0,2.0,1014.0,02116,Boston,MA,,,apartment,,0,0,0,5360.0
1.0,1.0,,02116,Boston,MA,,,apartment,,0,0,0,6185.0
2.0,2.0,1221.0,02116,Boston,MA,,,apartment,,0,0,0,5815.0
2.0,1.0,800.0,02116,Boston,MA,,,apartment,,0,0,0,4200.0
2.0,1.0,858.0,02116,Boston,MA,,,condos,,0,0,0,4500.0
1.0,2.0,944.0,02116,Boston,MA,,,condos,,0,0,0,5200.0
1.0,1.0,585.0,02116,Boston,MA,,,apartment,,0,0,0,3750.0
3.0,2.0,1049.0,02116,Boston,MA,,,apartment,,0,0,0,7800.0
1.0,2.0,1157.0,02116,Boston,MA,,,condos,,0,0,0,7000.0
0.0,2.0,409.0,02116,Boston,MA,,,single_family,,0,0,0,9110.0
1.0,1.0,800.0,02116,Boston,MA,,,apartment,,0,0,0,4895.0
0.0,1.0,,02116,Boston,MA,,,apartment,,0,0,0,2550.0
1.0,1.0,450.0,02116,Boston,MA,,,apartment,,0,0,0,2595.0
2.0,2.0,1262.0,02116,Boston,MA,,,condos,,0,0,0,6950.0
3.0,2.0,1131.0,02116,Boston,MA,,,condos,,0,0,0,5900.0
2.0,2.0,1221.0,02116,Boston,MA,,,apartment,,0,0,0,5990.0
0.0,1.0,543.0,02116,Boston,MA,,,apartment,,0,0,0,3225.0
1.0,1.0,557.0,02116,Boston,MA,,,apartment,,0,0,0,3705.0
1.0,1.0,650.0,02116,Boston,MA,,,apartment,,0,0,0,4000.0
1.0,1.0,,02116,Boston,MA,,,apartment,,0,0,0,3200.0
1.0,1.0,999.0,02116,Boston,MA,,,apartment,,0,0,0,3000.0
1.0,1.0,650.0,02116,Boston,MA,,,apartment,,0,0,0,3700.0
1.0,1.0,655.0,02116,Boston,MA,,,apartment,,0,0,0,4300.0
1.0,1.0,600.0,02116,Boston,MA,,,apartment,,0,0,0,3700.0
1.0,1.0,670.0,02116,Boston,MA,,,apartment,,0,0,0,3950.0
0.0,1.0,505.0,02116,Boston,MA,,,apartment,,0,0,0,2525.0
0.0,1.0,,02116,Boston,MA,,,apartment,,0,0,0,2575.0
3.0,1.0,1010.0,02116,Boston,MA,,,apartment,,0,0,0,4000.0
1.0,1.0,600.0,02116,Boston,MA,,,apartment,,0,0,0,3800.0
2.0,1.0,850.0,02116,Boston,MA,,,apartment,,0,0,0,3900.0
2.0,1.0,538.0,02108,Boston,MA,,,apartment,,0,0,0,11440.0
1.0,1.0,570.0,02108,Boston,MA,,,apartment,,0,0,0,2700.0
1.0,1.0,606.0,02108,Boston,MA,,,apartment,,0,0,0,3000.0
1.0,1.0,570.0,02108,Boston,MA,,,apartment,,0,0,0,2800.0
1.0,1.0,,02108,Boston,MA,,,apartment,,0,0,0,4315.0
1.0,1.0,563.0,02108,Boston,MA,,,condos,,0,0,0,3200.0
1.0,1.0,430.0,02108,Boston,MA,,,apartment,,0,0,0,2600.0
0.0,1.0,,02108,Boston,MA,,,apartment,,0,0,0,2725.0
1.0,1.0,,02108,Boston,MA,,,apartment,,0,0,0,3200.0
2.0,1.0,1017.0,02108,Boston,MA,,,condos,,0,0,0,4650.0
1.0,1.0,,02108,Boston,MA,,,apartment,,0,0,0,3200.0
2.0,2.0,966.0,02108,Boston,MA,,,condos,,0,0,0,5000.0
2.0,2.0,996.0,02108,Boston,MA,,,condos,,0,0,0,5300.0
0.0,1.0,,02108,Boston,MA,,,condos,,0,0,0,2600.0
0.0,1.0,364.0,02108,Boston,MA,,,apartment,,0,0,0,2600.0
0.0,1.0,500.0,02108,Boston,MA,,,apartment,,0,0,0,2750.0
1.0,1.0,900.0,02108,Boston,MA,,,apartment,,0,0,0,3250.0
0.0,1.0,,02108,Boston,MA,,,apartment,,0,0,0,2900.0
0.0,1.0,,02108,Boston,MA,,,apartment,,0,0,0,3100.0
0.0,1.0,,02108,Boston,MA,,,apartment,,0,0,0,3100.0
2.0,2.0,600.0,02108,Boston,MA,,,condos,,0,0,0,3600.0
0.0,1.0,,02108,Boston,MA,,,apartment,,0,0,0,3100.0
0.0,1.0,,02108,Boston,MA,,,apartment,,0,0,0,3100.0
2.0,2.0,1546.0,02108,Boston,MA,,,condos,,0,0,0,6900.0
2.0,1.0,900.0,02108,Boston,MA,,,apartment,,0,0,0,4100.0
1.0,1.0,99999.0,02108,Boston,MA,,,condos,,0,0,0,3500.0
3.0,2.0,1241.0,02108,Boston,MA,,,apartment,,0,0,0,6200.0
0.0,1.0,400.0,02108,Boston,MA,,,apartment,,0,0,0,3000.0
0.0,1.0,9999.0,02108,Boston,MA,,,apartment,,0,0,0,2350.0
0.0,1.0,535.0,02108,Boston,MA,,,condos,,0,0,0,3500.0
1.0,1.0,,02108,Boston,MA,,,apartment,,0,0,0,3200.0
1.0,1.0,,02108,Boston,MA,,,apartment,,0,0,0,3300.0
0.0,1.0,,02108,Boston,MA,,,apartment,,0,0,0,2600.0
1.0,1.0,650.0,02108,Boston,MA,,,condos,,0,0,0,4500.0
0.0,1.0,260.0,02108,Boston,MA,,,apartment,,0,0,0,2350.0
2.0,2.0,1000.0,02108,Boston,MA,,,apartment,,0,0,0,9350.0
1.0,2.0,800.0,02108,Boston,MA,,,apartment,,0,0,0,5950.0
1.0,1.0,,02108,Boston,MA,,,apartment,,0,0,0,3400.0
3.0,1.0,1000.0,02108,Boston,MA,,,apartment,,0,0,0,4850.0
2.0,2.0,1117.0,02108,Boston,MA,,,condos,,0,0,0,6000.0
1.0,1.0,514.0,02108,Boston,MA,,,condos,,0,0,0,3350.0
4.0,4.0,,02108,Boston,MA,,,single_family,,0,0,0,1625.0
1.0,1.0,,02108,Boston,MA,,,apartment,,0,0,0,3400.0
1.0,1.0,,02108,Boston,MA,,,apartment,,0,0,0,3200.0
2.0,1.0,710.0,02108,Boston,MA,,,apartment,,0,0,0,4000.0
1.0,1.0,,02108,Boston,MA,,,apartment,,0,0,0,3400.0
2.0,2.0,1405.0,02108,Boston,MA,,,condos,,0,0,0,6700.0
2.0,2.0,1271.0,02108,Boston,MA,,,condos,,0,0,0,7500.0
1.0,2.0,,02108,Boston,MA,,,apartment,,0,0,0,4800.0
2.0,2.0,1380.0,02108,Boston,MA,,,condos,,0,0,0,7500.0
2.0,2.0,1291.0,02108,Boston,MA,,,condos,,0,0,0,5800.0
1.0,1.0,500.0,02108,Boston,MA,,,apartment,,0,0,0,3200.0
1.0,2.0,1069.0,02108,Boston,MA,,,condos,,0,0,0,4450.0
1.0,2.0,1200.0,02108,Boston,MA,,,apartment,,0,0,0,7500.0
0.0,1.0,450.0,02108,Boston,MA,,,apartment,,0,0,0,3995.0
1.0,1.0,608.0,02108,Boston,MA,,,apartment,,0,0,0,3200.0
4.0,3.0,2000.0,02108,Boston,MA,,,apartment,,0,0,0,8000.0
0.0,1.0,280.0,02108,Boston,MA,,,apartment,,0,0,0,2300.0
,,,02108,Boston,MA,,,apartment,,0,0,0,
,,,02108,Boston,MA,,,apartment,,0,0,0,
1.0,1.0,,02108,Boston,MA,,,apartment,,0,0,0,3300.0
1.0,1.0,,02108,Boston,MA,,,apartment,,0,0,0,3300.0
2.0,1.0,800.0,02108,Boston,MA,,,apartment,,0,0,0,4000.0
1.0,1.0,600.0,02108,Boston,MA,,,apartment,,0,0,0,3200.0
2.0,1.0,,02108,Boston,MA,,,apartment,,0,0,0,4000.0
2.0,1.0,596.0,02108,Boston,MA,,,apartment,,0,0,0,3950.0
2.0,1.0,750.0,02108,Boston,MA,,,condos,,0,0,0,3900.0
3.0,4.0,,02108,Boston,MA,,,condos,,0,0,0,11800.0
1.0,1.0,171.0,02108,Boston,MA,,,single_family,,0,0,0,2100.0
2.0,1.0,710.0,02108,Boston,MA,,,condos,,0,0,0,4000.0
1.0,1.0,450.0,02108,Boston,MA,,,apartment,,0,0,0,2950.0
4.0,3.0,,28262,Charlotte,NC,,,single_family,,0,0,0,1575.0
3.0,3.0,,28262,Charlotte,NC,,,single_family,,0,0,0,1950.0
3.0,3.0,1760.0,28262,Charlotte,NC,,,townhomes,,0,0,0,2300.0
4.0,4.0,1952.0,28262,Charlotte,NC,,,townhomes,,0,0,0,2300.0
3.0,3.0,1798.0,28262,Charlotte,NC,,,townhomes,,0,0,0,2100.0
1.0,1.0,763.0,28262,Charlotte,NC,,,apartment,,0,0,0,1524.0
1.0,1.0,574.0,28262,Charlotte,NC,,,apartment,,0,0,0,1329.0
2.0,2.0,1061.0,28262,Charlotte,NC,,,apartment,,0,0,0,2009.0
3.0,2.0,1363.0,28262,Charlotte,NC,,,single_family,,0,0,0,1995.0
2.0,1.0,,28262,Charlotte,NC,,,condos,,0,0,0,1350.0
4.0,3.0,2751.0,28262,Charlotte,NC,,,single_family,,0,0,0,2285.0
1.0,1.0,832.0,28262,Charlotte,NC,,,apartment,,0,0,0,1570.0
2.0,2.0,1035.0,28262,Charlotte,NC,,,apartment,,0,0,0,1700.0
3.0,2.0,1271.0,28262,Charlotte,NC,,,apartment,,0,0,0,2145.0
,,,28262,Charlotte,NC,,,single_family,,0,0,0,
3.0,2.0,,28262,Charlotte,NC,,,single_family,,0,0,0,1900.0
3.0,3.0,2327.0,28262,Charlotte,NC,,,single_family,,0,0,0,2420.0
3.0,3.0,,28262,Charlotte,NC,,,townhomes,,0,0,0,2250.0
3.0,4.0,1591.0,28262,Charlotte,NC,,,townhomes,,0,0,0,2250.0
5.0,3.0,,28262,Charlotte,NC,,,single_family,,0,0,0,2395.0
1.0,2.0,,28262,Charlotte,NC,,,single_family,,0,0,0,2450.0
3.0,2.0,,28262,Charlotte,NC,,,townhomes,,0,0,0,1650.0
4.0,2.0,1776.0,28262,Charlotte,NC,,,single_family,,0,0,0,2245.0
4.0,3.0,,28262,Charlotte,NC,,,townhomes,,0,0,0,1995.0
3.0,4.0,1821.0,28262,Charlotte,NC,,,townhomes,,0,0,0,2400.0
,,,28262,Charlotte,NC,,,apartment,,0,0,0,
3.0,3.0,1895.0,28262,Charlotte,NC,,,townhomes,,0,0,0,2245.0
3.0,4.0,1976.0,28262,Charlotte,NC,,,townhomes,,0,0,0,2495.0
4.0,3.0,2192.0,28262,Charlotte,NC,,,single_family,,0,0,0,2340.0
4.0,2.0,,28262,Charlotte,NC,,,single_family,,0,0,0,2325.0
,,,28262,Charlotte,NC,,,single_family,,0,0,0,
5.0,3.0,2577.0,28262,Charlotte,NC,,,single_family,,0,0,0,2395.0
5.0,3.0,2577.0,28262,Charlotte,NC,,,single_family,,0,0,0,2445.0
4.0,4.0,,28262,Charlotte,NC,,,townhomes,,0,0,0,2450.0
2.0,2.0,1135.0,28262,Charlotte,NC,,,condos,,0,0,0,1450.0
1.0,1.0,667.0,28262,Charlotte,NC,,,apartment,,0,0,0,1379.0
2.0,2.0,1095.0,28262,Charlotte,NC,,,apartment,,0,0,0,1964.0
3.0,3.0,1468.0,28262,Charlotte,NC,,,apartment,,0,0,0,2593.0
5.0,3.0,2235.0,28262,Charlotte,NC,,,single_family,,0,0,0,2350.0
3.0,3.0,,28262,Charlotte,NC,,,single_family,,0,0,0,2230.0
3.0,3.0,1933.0,28262,Charlotte,NC,,,single_family,,0,0,0,2015.0
,,,28262,Charlotte,NC,,,apartment,,0,0,0,
3.0,3.0,1600.0,28262,Charlotte,NC,,,townhomes,,0,0,0,1900.0
4.0,3.0,2444.0,28262,Charlotte,NC,,,single_family,,0,0,0,2010.0
3.0,3.0,1600.0,28262,Charlotte,NC,,,single_family,,0,0,0,1880.0
3.0,2.0,2048.0,28262,Charlotte,NC,,,single_family,,0,0,0,2155.0
5.0,3.0,2550.0,28262,Charlotte,NC,,,single_family,,0,0,0,2450.0
3.0,3.0,1845.0,28262,Charlotte,NC,,,townhomes,,0,0,0,2400.0
3.0,2.0,1260.0,28262,Charlotte,NC,,,single_family,,0,0,0,1895.0
,,,28262,Charlotte,NC,,,single_family,,0,0,0,
4.0,3.0,2408.0,28262,Charlotte,NC,,,single_family,,0,0,0,2600.0
3.0,3.0,1558.0,28262,Charlotte,NC,,,townhomes,,0,0,0,2300.0
5.0,3.0,2270.0,28262,Charlotte,NC,,,single_family,,0,0,0,2345.0
2.0,2.0,1045.0,28262,Charlotte,NC,,,apartment,,0,0,0,2175.0
1.0,1.0,600.0,28262,Charlotte,NC,,,apartment,,0,0,0,1370.0
1.0,1.0,816.0,28262,Charlotte,NC,,,apartment,,0,0,0,1531.0
3.0,3.0,2133.0,28262,Charlotte,NC,,,single_family,,0,0,0,2294.0
3.0,3.0,,28262,Charlotte,NC,,,single_family,,0,0,0,2200.0
4.0,3.0,,28262,Charlotte,NC,,,single_family,,0,0,0,2100.0
4.0,4.0,2529.0,28262,Charlotte,NC,,,townhomes,,0,0,0,2395.0
3.0,3.0,1385.0,28262,Charlotte,NC,,,townhomes,,0,0,0,1900.0
3.0,2.0,1396.0,28262,Charlotte,NC,,,townhomes,,0,0,0,1595.0
4.0,4.0,1940.0,28262,Charlotte,NC,,,single_family,,0,0,0,2284.0
3.0,3.0,2065.0,28262,Charlotte,NC,,,single_family,,0,0,0,2500.0
4.0,3.0,1944.0,28262,Charlotte,NC,,,single_family,,0,0,0,2395.0
3.0,3.0,,28262,Charlotte,NC,,,townhomes,,0,0,0,1700.0
,,,28262,Charlotte,NC,,,apartment,,0,0,0,
,,,28262,Charlotte,NC,,,apartment,,0,0,0,
4.0,2.0,1923.0,28262,Charlotte,NC,,,single_family,,0,0,0,2325.0
4.0,4.0,1895.0,28262,Charlotte,NC,,,townhomes,,0,0,0,2250.0
4.0,3.0,1491.0,28262,Charlotte,NC,,,single_family,,0,0,0,1895.0
2.0,2.0,,28262,Charlotte,NC,,,condos,,0,0,0,1475.0
,,,28262,Charlotte,NC,,,apartment,,0,0,0,
,,,28262,Charlotte,NC,,,apartment,,0,0,0,
3.0,4.0,1850.0,28262,Charlotte,NC,,,townhomes,,0,0,0,1800.0
5.0,3.0,,28262,Charlotte,NC,,,single_family,,0,0,0,2250.0
3.0,2.0,1370.0,28262,Charlotte,NC,,,townhomes,,0,0,0,1650.0
2.0,2.0,929.0,28262,Charlotte,NC,,,condos,,0,0,0,1400.0
3.0,2.0,,28262,Charlotte,NC,,,single_family,,0,0,0,1875.0
4.0,3.0,,28262,Charlotte,NC,,,single_family,,0,0,0,2695.0
,,,28262,Charlotte,NC,,,apartment,,0,0,0,
4.0,3.0,,28262,Charlotte,NC,,,townhomes,,0,0,0,2400.0
4.0,4.0,2200.0,28262,Charlotte,NC,,,townhomes,,0,0,0,2700.0
4.0,3.0,2906.0,28262,Mineral Springs Rumple Road,NC,,,single_family,,0,0,0,2265.0
3.0,2.0,,28262,Charlotte,NC,,,single_family,,0,0,0,1915.0
4.0,3.0,3285.0,28262,Charlotte,NC,,,single_family,,0,0,0,2630.0
,,,28262,Charlotte,NC,,,townhomes,,0,0,0,
4.0,3.0,1550.0,28262,Usa,NC,,,townhomes,,0,0,0,2000.0
,,,28262,Charlotte,NC,,,apartment,,0,0,0,
4.0,3.0,2940.0,28262,Charlotte,NC,,,single_family,,0,0,0,2300.0
4.0,4.0,2570.0,28262,Charlotte,NC,,,townhomes,,0,0,0,2350.0
3.0,3.0,,28262,Charlotte,NC,,,single_family,,0,0,0,1990.0
3.0,2.0,1541.0,28262,Charlotte,NC,,,single_family,,0,0,0,1915.0
3.0,3.0,1975.0,28262,Charlotte,NC,,,single_family,,0,0,0,1950.0
4.0,3.0,1948.0,28262,Charlotte,NC,,,single_family,,0,0,0,1995.0
,,,28262,Charlotte,NC,,,apartment,,0,0,0,
4.0,3.0,2150.0,28262,Charlotte,NC,,,single_family,,0,0,0,2230.0
,,,28262,Charlotte,NC,,,apartment,,0,0,0,
2.0,3.0,1365.0,28262,Charlotte,NC,,,townhomes,,0,0,0,1825.0
1.0,1.0,672.0,28262,Charlotte,NC,,,apartment,,0,0,0,1317.0
2.0,2.0,1055.0,28262,Charlotte,NC,,,apartment,,0,0,0,1599.0
2.0,2.0,1206.0,28262,Charlotte,NC,,,apartment,,0,0,0,1827.0
,,,28262,Charlotte,NC,,,apartment,,0,0,0,
,,,28262,Charlotte,NC,,,apartment,,0,0,0,
,,,28262,Charlotte,NC,,,apartment,,0,0,0,
,,,28262,Charlotte,NC,,,apartment,,0,0,0,
,,,28262,Charlotte,NC,,,apartment,,0,0,0,
,,,28262,Charlotte,NC,,,apartment,,0,0,0,
3.0,2.0,1522.0,28262,Charlotte,NC,,,single_family,,0,0,0,1990.0
,,,28262,Charlotte,NC,,,apartment,,0,0,0,
2.0,3.0,1274.0,28262,Charlotte,NC,,,townhomes,,0,0,0,2340.0
3.0,4.0,1555.0,28262,Charlotte,NC,,,townhomes,,0,0,0,2300.0
2.0,3.0,1413.0,28262,Charlotte,NC,,,townhomes,,0,0,0,2525.0
3.0,3.0,,28262,Charlotte,NC,,,townhomes,,0,0,0,2100.0
3.0,2.0,1215.0,28262,Charlotte,NC,,,single_family,,0,0,0,1865.0
2.0,2.0,1078.0,28262,Charlotte,NC,,,apartment,,0,0,0,2141.0
1.0,1.0,624.0,28262,Charlotte,NC,,,apartment,,0,0,0,1411.0
1.0,1.0,689.0,28262,Charlotte,NC,,,apartment,,0,0,0,1450.0
1.0,1.0,690.0,28262,Charlotte,NC,,,apartment,,0,0,0,1250.0
5.0,3.0,2642.0,28262,Charlotte,NC,,,single_family,,0,0,0,2715.0
,,,28262,Charlotte,NC,,,apartment,,0,0,0,
,,,28262,Charlotte,NC,,,apartment,,0,0,0,
,,,28262,Charlotte,NC,,,apartment,,0,0,0,
,,,28262,Charlotte,NC,,,apartment,,0,0,0,
,,,28262,Charlotte,NC,,,apartment,,0,0,0,
,,,28262,Charlotte,NC,,,apartment,,0,0,0,
,,,28262,Charlotte,NC,,,apartment,,0,0,0,
,,,28262,Charlotte,NC,,,apartment,,0,0,0,
,,,28262,Charlotte,NC,,,apartment,,0,0,0,
,,,28262,Charlotte,NC,,,apartment,,0,0,0,
,,,28262,Charlotte,NC,,,apartment,,0,0,0,
,,,28262,Charlotte,NC,,,apartment,,0,0,0,
,,,28262,Charlotte,NC,,,apartment,,0,0,0,
,,,28262,Charlotte,NC,,,apartment,,0,0,0,
,,,28262,Charlotte,NC,,,apartment,,0,0,0,
,,,28262,Charlotte,NC,,,apartment,,0,0,0,
,,,28262,Charlotte,NC,,,apartment,,0,0,0,
,,,28262,Charlotte,NC,,,apartment,,0,0,0,
,,,28262,Charlotte,NC,,,apartment,,0,0,0,
,,,28262,Charlotte,NC,,,apartment,,0,0,0,
,,,28262,Charlotte,NC,,,apartment,,0,0,0,
,,,28262,Charlotte,NC,,,apartment,,0,0,0,
,,,28262,Charlotte,NC,,,apartment,,0,0,0,
,,,28262,Charlotte,NC,,,apartment,,0,0,0,
,,,28262,Charlotte,NC,,,apartment,,0,0,0,
,,,28262,Charlotte,NC,,,apartment,,0,0,0,
,,,28262,Charlotte,NC,,,apartment,,0,0,0,
,,,28262,Charlotte,NC,,,apartment,,0,0,0,
,,,28262,Charlotte,NC,,,apartment,,0,0,0,
,,,28262,Charlotte,NC,,,apartment,,0,0,0,
2.0,2.0,810.0,28202,Charlotte,NC,,,condos,,0,0,0,1600.0
2.0,2.0,1150.0,28202,Charlotte,NC,,,condos,,0,0,0,2000.0
0.0,1.0,828.0,28202,Charlotte,NC,,,condos,,0,0,0,1550.0
1.0,1.0,1148.0,28202,Charlotte,NC,,,condos,,0,0,0,2100.0
2.0,2.0,1197.0,28202,Charlotte,NC,,,condos,,0,0,0,2800.0
1.0,1.0,958.0,28202,Charlotte,NC,,,condos,,0,0,0,2500.0
1.0,1.0,643.0,28202,Charlotte,NC,,,apartment,,0,0,0,1723.0
2.0,2.0,1015.0,28202,Charlotte,NC,,,apartment,,0,0,0,2600.0
1.0,1.0,498.0,28202,Charlotte,NC,,,apartment,,0,0,0,1463.0
,,,28202,Charlotte,NC,,,apartment,,0,0,0,
2.0,2.0,980.0,28202,Charlotte,NC,,,condos,,0,0,0,2100.0
2.0,2.0,1206.0,28202,Charlotte,NC,,,condos,,0,0,0,1850.0
1.0,1.0,875.0,28202,Charlotte,NC,,,condos,,0,0,0,1850.0
2.0,3.0,1610.0,28202,Charlotte,NC,,,condos,,0,0,0,3100.0
1.0,1.0,592.0,28202,Charlotte,NC,,,apartment,,0,0,0,2880.0
1.0,1.0,646.0,28202,Charlotte,NC,,,apartment,,0,0,0,2830.0
4.0,5.0,,28202,Charlotte,NC,,,townhomes,,0,0,0,7260.0
1.0,1.0,803.0,28202,Charlotte,NC,,,condos,,0,0,0,1595.0
1.0,1.0,823.0,28202,Charlotte,NC,,,condos,,0,0,0,1500.0
2.0,3.0,,28202,Charlotte,NC,,,condos,,0,0,0,1825.0
3.0,3.0,1946.0,28202,Charlotte,NC,,,single_family,,0,0,0,3450.0
2.0,2.0,934.0,28202,Charlotte,NC,,,condos,,0,0,0,1985.0
2.0,2.0,1170.0,28202,Charlotte,NC,,,condos,,0,0,0,2350.0
2.0,2.0,1031.0,28202,Charlotte,NC,,,condos,,0,0,0,2200.0
3.0,3.0,1742.0,28202,Charlotte,NC,,,townhomes,,0,0,0,2700.0
3.0,3.0,,28202,Charlotte,NC,,,townhomes,,0,0,0,13000.0
2.0,3.0,1110.0,28202,Charlotte,NC,,,townhomes,,0,0,0,2445.0
2.0,2.0,1110.0,28202,Charlotte,NC,,,townhomes,,0,0,0,1895.0
1.0,1.0,,28202,Charlotte,NC,,,condos,,0,0,0,2350.0
3.0,3.0,2120.0,28202,Charlotte,NC,,,single_family,,0,0,0,3900.0
1.0,2.0,813.0,28202,Charlotte,NC,,,condos,,0,0,0,2600.0
,,,28202,Charlotte,NC,,,apartment,,0,0,0,
1.0,1.0,1205.0,28202,Charlotte,NC,,,townhomes,,0,0,0,1739.0
1.0,1.0,798.0,28202,Charlotte,NC,,,condos,,0,0,0,1875.0
,,,28202,Charlotte,NC,,,apartment,,0,0,0,
2.0,2.0,989.0,28202,Charlotte,NC,,,condos,,0,0,0,1750.0
1.0,1.0,654.0,28202,Charlotte,NC,,,condos,,0,0,0,1625.0
2.0,2.0,1115.0,28202,Charlotte,NC,,,condos,,0,0,0,2500.0
1.0,1.0,802.0,28202,Charlotte,NC,,,condos,,0,0,0,1695.0
1.0,1.0,,28202,Charlotte,NC,,,condos,,0,0,0,1625.0
2.0,2.0,1068.0,28202,Charlotte,NC,,,condos,,0,0,0,2200.0
3.0,4.0,1503.0,28202,Charlotte,NC,,,townhomes,,0,0,0,2550.0
3.0,4.0,1863.0,28202,Charlotte,NC,,,single_family,,0,0,0,3450.0
2.0,2.0,1386.0,28202,Charlotte,NC,,,townhomes,,0,0,0,2950.0
,,,28202,Charlotte,NC,,,apartment,,0,0,0,
2.0,2.0,1166.0,28202,Charlotte,NC,,,condos,,0,0,0,2150.0
2.0,2.0,1796.0,28202,Charlotte,NC,,,condos,,0,0,0,4500.0
2.0,1.0,790.0,28202,Charlotte,NC,,,condos,,0,0,0,2300.0
0.0,1.0,581.0,28202,Charlotte,NC,,,condos,,0,0,0,2500.0
3.0,3.0,2451.0,28202,Charlotte,NC,,,condos,,0,0,0,3200.0
,,,28202,Charlotte,NC,,,apartment,,0,0,0,
2.0,2.0,1196.0,28202,Charlotte,NC,,,apartment,,0,0,0,2335.0
1.0,1.0,786.0,28202,Charlotte,NC,,,apartment,,0,0,0,1806.0
1.0,1.0,672.0,28202,Charlotte,NC,,,apartment,,0,0,0,1592.0
3.0,4.0,1509.0,28202,Charlotte,NC,,,townhomes,,0,0,0,2995.0
,,,28202,Charlotte,NC,,,apartment,,0,0,0,
2.0,2.0,984.0,28202,Charlotte,NC,,,single_family,,0,0,0,1600.0
,,,28202,Charlotte,NC,,,apartment,,0,0,0,
2.0,3.0,966.0,28202,Charlotte,NC,,,condos,,0,0,0,1750.0
1.0,1.0,844.0,28202,Charlotte,NC,,,apartment,,0,0,0,2216.0
1.0,1.0,1005.0,28202,Charlotte,NC,,,apartment,,0,0,0,2254.0
2.0,2.0,1487.0,28202,Charlotte,NC,,,apartment,,0,0,0,3691.0
1.0,1.0,560.0,28202,Charlotte,NC,,,single_family,,0,0,0,1650.0
1.0,1.0,533.0,28202,Charlotte,NC,,,condos,,0,0,0,1575.0
1.0,1.0,,28202,Charlotte,NC,,,single_family,,0,0,0,1900.0
1.0,1.0,822.0,28202,Charlotte,NC,,,apartment,,0,0,0,2042.0
1.0,1.0,822.0,28202,Charlotte,NC,,,apartment,,0,0,0,1746.0
2.0,2.0,1304.0,28202,Charlotte,NC,,,apartment,,0,0,0,3220.0
,,,28202,Charlotte,NC,,,apartment,,0,0,0,
3.0,3.0,1742.0,28202,Charlotte,NC,,,townhomes,,0,0,0,2700.0
,,,28202,Charlotte,NC,,,apartment,,0,0,0,
,,,28202,Charlotte,NC,,,apartment,,0,0,0,
,,,28202,Charlotte,NC,,,apartment,,0,0,0,
,,,28202,Charlotte,NC,,,apartment,,0,0,0,
,,,28202,Charlotte,NC,,,apartment,,0,0,0,
,,,28202,Charlotte,NC,,,apartment,,0,0,0,
,,,28202,Charlotte,NC,,,apartment,,0,0,0,
,,,28202,Charlotte,NC,,,apartment,,0,0,0,
,,,28202,Charlotte,NC,,,apartment,,0,0,0,
,,,28202,Charlotte,NC,,,apartment,,0,0,0,
,,,28202,Charlotte,NC,,,apartment,,0,0,0,
,,,28202,Charlotte,NC,,,apartment,,0,0,0,
1.0,1.0,,28202,Charlotte,NC,,,condos,,0,0,0,2900.0
,,,28202,Charlotte,NC,,,apartment,,0,0,0,
1.0,1.0,820.0,28202,Charlotte,NC,,,apartment,,0,0,0,1430.0
2.0,2.0,1105.0,28202,Charlotte,NC,,,apartment,,0,0,0,1856.0
1.0,1.0,609.0,28202,Charlotte,NC,,,apartment,,0,0,0,1341.0
,,,28202,Charlotte,NC,,,apartment,,0,0,0,
,,,28202,Charlotte,NC,,,apartment,,0,0,0,
,,,28202,Charlotte,NC,,,apartment,,0,0,0,
,,,28202,Charlotte,NC,,,apartment,,0,0,0,
,,,28202,Charlotte,NC,,,apartment,,0,0,0,
,,,28202,Charlotte,NC,,,apartment,,0,0,0,
,,,28202,Charlotte,NC,,,apartment,,0,0,0,
,,,28202,Charlotte,NC,,,apartment,,0,0,0,
,,,28202,Charlotte,NC,,,apartment,,0,0,0,
,,,28202,Charlotte,NC,,,apartment,,0,0,0,
1.0,1.0,571.0,28202,Charlotte,NC,,,condos,,0,0,0,1595.0
1.0,1.0,821.0,28202,Charlotte,NC,,,condos,,0,0,0,1650.0
2.0,2.0,1200.0,28202,Charlotte,NC,,,condos,,0,0,0,2000.0
1.0,1.0,645.0,28202,Charlotte,NC,,,condos,,0,0,0,1500.0
2.0,1.0,812.0,28202,Charlotte,NC,,,condos,,0,0,0,1905.0
2.0,1.0,940.0,28202,Charlotte,NC,,,single_family,,0,0,0,1725.0
3.0,2.0,1544.0,28202,Charlotte,NC,,,townhomes,,0,0,0,2595.0
0.0,1.0,539.0,28202,Charlotte,NC,,,apartment,,0,0,0,1815.0
1.0,1.0,657.0,28202,Charlotte,NC,,,apartment,,0,0,0,1575.0
1.0,1.0,723.0,28202,Charlotte,NC,,,apartment,,0,0,0,1670.0
1.0,1.0,785.0,28202,Charlotte,NC,,,apartment,,0,0,0,2506.0
2.0,2.0,1029.0,28202,Charlotte,NC,,,apartment,,0,0,0,2072.0
1.0,1.0,749.0,28202,Charlotte,NC,,,apartment,,0,0,0,1730.0
2.0,2.0,1106.0,28202,Charlotte,NC,,,apartment,,0,0,0,3394.0
0.0,1.0,618.0,28202,Charlotte,NC,,,apartment,,0,0,0,1362.0
2.0,2.0,1304.0,28202,Charlotte,NC,,,apartment,,0,0,0,3275.0
1.0,1.0,694.0,28202,Charlotte,NC,,,apartment,,0,0,0,1675.0
2.0,2.0,1029.0,28202,Charlotte,NC,,,apartment,,0,0,0,2132.0
2.0,2.0,1078.0,28202,Charlotte,NC,,,apartment,,0,0,0,1890.0
1.0,1.0,709.0,28202,Charlotte,NC,,,apartment,,0,0,0,2098.0
0.0,1.0,546.0,28202,Charlotte,NC,,,apartment,,0,0,0,1401.0
0.0,1.0,503.0,28202,Charlotte,NC,,,apartment,,0,0,0,1346.0
2.0,2.0,1384.0,28202,Charlotte,NC,,,apartment,,0,0,0,3421.0
1.0,1.0,968.0,28202,Charlotte,NC,,,apartment,,0,0,0,2185.0
2.0,2.0,1083.0,28202,Charlotte,NC,,,apartment,,0,0,0,3430.0
2.0,2.0,1078.0,28202,Charlotte,NC,,,apartment,,0,0,0,2017.0
1.0,2.0,875.0,28202,Charlotte,NC,,,apartment,,0,0,0,2051.0
2.0,2.0,1078.0,28202,Charlotte,NC,,,apartment,,0,0,0,2089.0
4.0,2.0,1340.0,28202,Charlotte,NC,,,apartment,,0,0,0,2417.0
2.0,2.0,1122.0,28202,Charlotte,NC,,,apartment,,0,0,0,2393.0
2.0,2.0,1111.0,28202,Charlotte,NC,,,apartment,,0,0,0,3490.0
2.0,2.0,1087.0,28202,Charlotte,NC,,,apartment,,0,0,0,3396.0
4.0,2.0,1340.0,28202,Charlotte,NC,,,apartment,,0,0,0,2417.0
0.0,1.0,503.0,28202,Charlotte,NC,,,apartment,,0,0,0,1411.0
1.0,1.0,793.0,28202,Charlotte,NC,,,apartment,,0,0,0,1826.0
2.0,2.0,1087.0,28202,Charlotte,NC,,,apartment,,0,0,0,3436.0
4.0,2.0,1340.0,28202,Charlotte,NC,,,apartment,,0,0,0,2417.0
1.0,1.0,730.0,28202,Charlotte,NC,,,apartment,,0,0,0,1916.0
2.0,2.0,1083.0,28202,Charlotte,NC,,,apartment,,0,0,0,3420.0
2.0,2.0,1384.0,28202,Charlotte,NC,,,apartment,,0,0,0,3496.0
0.0,1.0,630.0,28202,Charlotte,NC,,,apartment,,0,0,0,1937.0
2.0,2.0,1078.0,28202,Charlotte,NC,,,apartment,,0,0,0,2072.0
2.0,2.0,1133.0,28202,Charlotte,NC,,,apartment,,0,0,0,1725.0
2.0,2.0,1029.0,28202,Charlotte,NC,,,apartment,,0,0,0,2598.0
0.0,1.0,860.0,28202,Charlotte,NC,,,apartment,,0,0,0,1569.0
0.0,1.0,585.0,28202,Charlotte,NC,,,apartment,,0,0,0,1322.0
2.0,2.0,1106.0,28202,Charlotte,NC,,,apartment,,0,0,0,3434.0
1.0,1.0,722.0,28202,Charlotte,NC,,,apartment,,0,0,0,2291.0
1.0,1.0,747.0,28202,Charlotte,NC,,,apartment,,0,0,0,1832.0
0.0,1.0,860.0,28202,Charlotte,NC,,,apartment,,0,0,0,1579.0
2.0,2.0,1381.0,28202,Charlotte,NC,,,apartment,,0,0,0,2239.0
1.0,1.0,785.0,28202,Charlotte,NC,,,apartment,,0,0,0,1477.0
0.0,1.0,506.0,28202,Charlotte,NC,,,apartment,,0,0,0,1720.0
,,,10001,Manhattan,NY,,,condos,,0,0,0,
,,,10001,Manhattan,NY,,,condos,,0,0,0,
,,,10001,Manhattan,NY,,,condos,,0,0,0,
,,,10001,Manhattan,NY,,,condos,,0,0,0,
,,,10001,Manhattan,NY,,,condos,,0,0,0,
,,,10001,Manhattan,NY,,,condos,,0,0,0,
,,,10001,Manhattan,NY,,,condos,,0,0,0,
,,,10001,Manhattan,NY,,,condos,,0,0,0,
,,,10001,Manhattan,NY,,,condos,,0,0,0,
,,,10001,Manhattan,NY,,,condos,,0,0,0,
,,,10001,Manhattan,NY,,,condos,,0,0,0,
,,,10001,Manhattan,NY,,,condos,,0,0,0,
,,,10001,Manhattan,NY,,,condos,,0,0,0,
,,,10001,Manhattan,NY,,,condos,,0,0,0,
0.0,1.0,446.0,10001,Manhattan,NY,,,apartment,,0,0,0,4224.0
0.0,1.0,,10001,New York,NY,,,apartment,,0,0,0,4295.0
3.0,2.0,,10001,New York,NY,,,apartment,,0,0,0,5950.0
1.0,1.0,,10001,New York,NY,,,single_family,,0,0,0,4446.0
0.0,1.0,,10001,New York,NY,,,single_family,,0,0,0,3300.0
0.0,1.0,,10001,New York,NY,,,single_family,,0,0,0,3529.0
0.0,1.0,,10001,New York,NY,,,single_family,,0,0,0,3254.0
0.0,1.0,454.0,10001,New York,NY,,,condos,,0,0,0,5000.0
1.0,1.0,,10001,Manhattan,NY,,,condos,,0,0,0,6019.0
2.0,2.0,,10001,Manhattan,NY,,,condos,,0,0,0,9535.0
0.0,1.0,672.0,10001,Manhattan,NY,,,apartment,,0,0,0,4465.0
1.0,1.0,,10001,Manhattan,NY,,,condos,,0,0,0,5900.0
1.0,1.0,,10001,Manhattan,NY,,,condos,,0,0,0,5113.0
2.0,1.0,,10001,Manhattan,NY,,,condos,,0,0,0,6757.0
3.0,3.0,2064.0,10001,New York,NY,,,apartment,,0,0,0,12500.0
,,,10001,Manhattan,NY,,,condos,,0,0,0,
,,,10001,Manhattan,NY,,,condos,,0,0,0,
,,,10001,Manhattan,NY,,,condos,,0,0,0,
,,,10001,Manhattan,NY,,,condos,,0,0,0,
,,,10001,Manhattan,NY,,,condos,,0,0,0,
0.0,1.0,,10001,New York,NY,,,single_family,,0,0,0,2679.0
2.0,3.0,1600.0,10001,New York,NY,,,condos,,0,0,0,15000.0
3.0,3.0,2469.0,10001,New York,NY,,,condos,,0,0,0,19500.0
,,,10001,Manhattan,NY,,,condos,,0,0,0,
1.0,1.0,1000.0,10001,Manhattan,NY,,,condos,,0,0,0,6500.0
1.0,1.0,704.0,10001,Manhattan,NY,,,apartment,,0,0,0,5786.0
1.0,1.0,620.0,10001,Manhattan,NY,,,apartment,,0,0,0,6034.0
0.0,1.0,,10001,Manhattan,NY,,,apartment,,0,0,0,4095.0
0.0,1.0,,10001,Manhattan,NY,,,apartment,,0,0,0,4559.0
,,,10001,Manhattan,NY,,,condos,,0,0,0,
,,,10001,Manhattan,NY,,,condos,,0,0,0,
,,,10001,Manhattan,NY,,,condos,,0,0,0,
,,,10001,Manhattan,NY,,,condos,,0,0,0,
,,,10001,Manhattan,NY,,,condos,,0,0,0,
,,,10001,Manhattan,NY,,,condos,,0,0,0,
2.0,2.0,,10001,Manhattan,NY,,,condos,,0,0,0,9843.0
2.0,2.0,1086.0,10001,Manhattan,NY,,,apartment,,0,0,0,8902.0
1.0,1.0,641.0,10001,Manhattan,NY,,,apartment,,0,0,0,6195.0
1.0,1.0,643.0,10001,Manhattan,NY,,,apartment,,0,0,0,6291.0
1.0,2.0,,10001,New York,NY,,,apartment,,0,0,0,7250.0
,,,10001,Manhattan,NY,,,condos,,0,0,0,
,,,10001,Manhattan,NY,,,condos,,0,0,0,
,,,10001,Manhattan,NY,,,condos,,0,0,0,
,,,10001,Manhattan,NY,,,condos,,0,0,0,
,,,10001,Manhattan,NY,,,condos,,0,0,0,
,,,10001,Manhattan,NY,,,condos,,0,0,0,
,,,10001,Manhattan,NY,,,condos,,0,0,0,
,,,10001,Manhattan,NY,,,condos,,0,0,0,
,,,10001,Manhattan,NY,,,condos,,0,0,0,
,,,10001,Manhattan,NY,,,condos,,0,0,0,
3.0,2.0,1200.0,10001,New York,NY,,,apartment,,0,0,0,6800.0
2.0,1.0,,10001,New York,NY,,,condos,,0,0,0,4150.0
0.0,1.0,621.0,10001,Manhattan,NY,,,apartment,,0,0,0,4420.0
1.0,1.0,,10001,Manhattan,NY,,,condos,,0,0,0,5342.0
,,,10001,Manhattan,NY,,,condos,,0,0,0,
,,,10001,Manhattan,NY,,,condos,,0,0,0,
,,,10001,Manhattan,NY,,,condos,,0,0,0,
,,,10001,Manhattan,NY,,,condos,,0,0,0,
,,,10001,Manhattan,NY,,,condos,,0,0,0,
,,,10001,Manhattan,NY,,,condos,,0,0,0,
,,,10001,Manhattan,NY,,,condos,,0,0,0,
,,,10001,Manhattan,NY,,,condos,,0,0,0,
,,,10001,Manhattan,NY,,,condos,,0,0,0,
,,,10001,Manhattan,NY,,,condos,,0,0,0,
,,,10001,Manhattan,NY,,,condos,,0,0,0,
1.0,1.0,616.0,10001,Manhattan,NY,,,apartment,,0,0,0,6535.0
0.0,1.0,,10001,New York,NY,,,single_family,,0,0,0,3392.0
1.0,1.0,,10001,New York,NY,,,single_family,,0,0,0,5454.0
3.0,2.0,1857.0,10001,New York,NY,,,single_family,,0,0,0,10500.0
2.0,1.0,,10001,New York,NY,,,apartment,,0,0,0,8635.0
,,,10001,Manhattan,NY,,,condos,,0,0,0,
,,,10001,Manhattan,NY,,,condos,,0,0,0,
3.0,4.0,2581.0,10001,Manhattan,NY,,,condos,,0,0,0,29000.0
2.0,2.0,,10001,New York,NY,,,apartment,,0,0,0,7000.0
1.0,1.0,,10001,Manhattan,NY,,,coop,,0,0,0,4475.0
,,,10001,Manhattan,NY,,,condos,,0,0,0,
,,,10001,Manhattan,NY,,,condos,,0,0,0,
0.0,1.0,,10001,New York,NY,,,apartment,,0,0,0,4798.0
0.0,1.0,,10001,New York,NY,,,apartment,,0,0,0,4100.0
0.0,1.0,,10001,New York,NY,,,apartment,,0,0,0,4250.0
1.0,1.0,,10001,New York,NY,,,apartment,,0,0,0,6500.0
1.0,1.0,,10001,New York,NY,,,apartment,,0,0,0,7067.0
0.0,1.0,,10001,New York,NY,,,apartment,,0,0,0,4818.0
3.0,2.0,1994.0,10001,New York,NY,,,single_family,,0,0,0,12000.0
1.0,1.0,,10001,Manhattan,NY,,,apartment,,0,0,0,7385.0
0.0,1.0,,10001,New York,NY,,,apartment,,0,0,0,4195.0
0.0,1.0,,10001,New York,NY,,,apartment,,0,0,0,4350.0
1.0,1.0,,10001,New York,NY,,,apartment,,0,0,0,4995.0
1.0,1.0,,10001,New York,NY,,,apartment,,0,0,0,5300.0
0.0,1.0,,10001,New York,NY,,,apartment,,0,0,0,4195.0
1.0,1.0,,10001,New York,NY,,,apartment,,0,0,0,6175.0
0.0,1.0,,10001,New York,NY,,,apartment,,0,0,0,4600.0
2.0,2.0,,10001,New York,NY,,,apartment,,0,0,0,10500.0
1.0,1.0,,10001,New York,NY,,,apartment,,0,0,0,5700.0
2.0,2.0,,10001,New York,NY,,,apartment,,0,0,0,7695.0
1.0,1.0,,10001,New York,NY,,,apartment,,0,0,0,5263.0
1.0,1.0,,10001,New York,NY,,,apartment,,0,0,0,6095.0
1.0,1.0,,10001,New York,NY,,,apartment,,0,0,0,5262.0
2.0,3.0,,10001,New York,NY,,,condos,,0,0,0,9300.0
1.0,1.0,,10001,New York,NY,,,apartment,,0,0,0,5400.0
0.0,1.0,,10001,New York,NY,,,apartment,,0,0,0,3795.0
1.0,1.0,,10001,New York,NY,,,apartment,,0,0,0,5795.0
4.0,2.0,,10001,New York,NY,,,apartment,,0,0,0,9600.0
,,,10001,Manhattan,NY,,,condos,,0,0,0,
,,,10001,Manhattan,NY,,,condos,,0,0,0,
0.0,1.0,,10001,New York,NY,,,apartment,,0,0,0,4195.0
3.0,3.0,,10001,New York,NY,,,apartment,,0,0,0,16500.0
2.0,1.0,,10001,New York,NY,,,apartment,,0,0,0,4995.0
1.0,1.0,,10001,New York,NY,,,apartment,,0,0,0,5695.0
1.0,1.0,,10001,New York,NY,,,apartment,,0,0,0,7600.0
1.0,1.0,,10001,Manhattan,NY,,,apartment,,0,0,0,6622.0
,,,10001,Manhattan,NY,,,condos,,0,0,0,
,,,10001,Manhattan,NY,,,condos,,0,0,0,
,,,10001,Manhattan,NY,,,condos,,0,0,0,
0.0,1.0,431.0,10001,Manhattan,NY,,,apartment,,0,0,0,4271.0
0.0,1.0,431.0,10001,Manhattan,NY,,,apartment,,0,0,0,4301.0
2.0,2.0,,10001,Manhattan,NY,,,condos,,0,0,0,8995.0
,,,10001,Manhattan,NY,,,condos,,0,0,0,
,,,10001,Manhattan,NY,,,condos,,0,0,0,
,,,10001,Manhattan,NY,,,condos,,0,0,0,
,,,10001,Manhattan,NY,,,condos,,0,0,0,
3.0,2.0,1550.0,10001,New York,NY,,,coop,,0,0,0,10500.0
3.0,2.0,1550.0,10001,New York,NY,,,apartment,,0,0,0,10500.0
1.0,1.0,,10001,New York,NY,,,single_family,,0,0,0,5683.0
2.0,2.0,,10001,New York,NY,,,single_family,,0,0,0,6325.0
3.0,2.0,,10001,Manhattan,NY,,,condos,,0,0,0,8495.0
1.0,1.0,,10001,New York,NY,,,apartment,,0,0,0,7700.0
,,,10001,Manhattan,NY,,,condos,,0,0,0,
,,,10001,Manhattan,NY,,,condos,,0,0,0,
,,,10001,Manhattan,NY,,,condos,,0,0,0,
,,,10001,Manhattan,NY,,,condos,,0,0,0,
,,,10001,Manhattan,NY,,,condos,,0,0,0,
,,,10001,Manhattan,NY,,,condos,,0,0,0,
,,,10001,Manhattan,NY,,,condos,,0,0,0,
,,,10001,Manhattan,NY,,,condos,,0,0,0,
,,,10001,Manhattan,NY,,,condos,,0,0,0,
1.0,1.0,779.0,60611,Chicago,IL,,,apartment,,0,0,0,3250.0
1.0,2.0,1043.0,60611,Chicago,IL,,,apartment,,0,0,0,3870.0
1.0,1.0,,60611,Chicago,IL,,,apartment,,0,0,0,3878.0
1.0,1.0,,60611,Chicago,IL,,,apartment,,0,0,0,2535.0
2.0,2.0,1324.0,60611,Chicago,IL,,,single_family,,0,0,0,3500.0
0.0,1.0,505.0,60611,Chicago,IL,,,apartment,,0,0,0,2640.0
1.0,1.0,,60611,Chicago,IL,,,condos,,0,0,0,1950.0
2.0,1.0,,60611,Chicago,IL,,,condos,,0,0,0,2999.0
1.0,1.0,800.0,60611,Chicago,IL,,,condos,,0,0,0,2595.0
0.0,1.0,585.0,60611,Chicago,IL,,,apartment,,0,0,0,2395.0
1.0,1.0,,60611,Chicago,IL,,,condos,,0,0,0,2400.0
2.0,2.0,1373.0,60611,Chicago,IL,,,condos,,0,0,0,4300.0
1.0,1.0,750.0,60611,Chicago,IL,,,single_family,,0,0,0,2500.0
1.0,1.0,796.0,60611,Chicago,IL,,,apartment,,0,0,0,3520.0
1.0,1.0,980.0,60611,Chicago,IL,,,condos,,0,0,0,2900.0
1.0,1.0,,60611,Chicago,IL,,,single_family,,0,0,0,2450.0
0.0,1.0,,60611,Chicago,IL,,,apartment,,0,0,0,1565.0
1.0,1.0,,60611,Chicago,IL,,,apartment,,0,0,0,2310.0
1.0,1.0,775.0,60611,Chicago,IL,,,apartment,,0,0,0,2350.0
2.0,2.0,,60611,Chicago,IL,,,apartment,,0,0,0,2670.0
0.0,1.0,,60611,Chicago,IL,,,apartment,,0,0,0,1685.0
1.0,1.0,665.0,60611,Chicago,IL,,,apartment,,0,0,0,2070.0
2.0,2.0,1250.0,60611,Chicago,IL,,,single_family,,0,0,0,3600.0
2.0,2.0,1243.0,60611,Chicago,IL,,,apartment,,0,0,0,3890.0
2.0,2.0,1243.0,60611,Chicago,IL,,,apartment,,0,0,0,3850.0
1.0,1.0,854.0,60611,Chicago,IL,,,apartment,,0,0,0,3025.0
3.0,2.0,1436.0,60611,Chicago,IL,,,condos,,0,0,0,5500.0
2.0,2.0,1550.0,60611,Chicago,IL,,,condos,,0,0,0,3300.0
0.0,1.0,713.0,60611,Chicago,IL,,,apartment,,0,0,0,2830.0
1.0,1.0,,60611,Chicago,IL,,,apartment,,0,0,0,3933.0
1.0,1.0,700.0,60611,Chicago,IL,,,condos,,0,0,0,2050.0
1.0,2.0,879.0,60611,Chicago,IL,,,apartment,,0,0,0,3490.0
1.0,1.0,700.0,60611,Chicago,IL,,,condos,,0,0,0,2300.0
1.0,1.0,850.0,60611,Chicago,IL,,,apartment,,0,0,0,2350.0
1.0,1.0,650.0,60611,Chicago,IL,,,apartment,,0,0,0,3140.0
2.0,2.0,1084.0,60611,Chicago,IL,,,apartment,,0,0,0,4600.0
1.0,2.0,1990.0,60611,Chicago,IL,,,condos,,0,0,0,5300.0
1.0,1.0,800.0,60611,Chicago,IL,,,condos,,0,0,0,2400.0
1.0,1.0,,60611,Chicago,IL,,,apartment,,0,0,0,2850.0
0.0,1.0,,60611,Chicago,IL,,,apartment,,0,0,0,2450.0
2.0,2.0,,60611,Chicago,IL,,,apartment,,0,0,0,5450.0
1.0,1.0,,60611,Chicago,IL,,,apartment,,0,0,0,2795.0
2.0,2.0,,60611,Chicago,IL,,,apartment,,0,0,0,3850.0
0.0,1.0,,60611,Chicago,IL,,,apartment,,0,0,0,2475.0
2.0,2.0,,60611,Chicago,IL,,,apartment,,0,0,0,4775.0
1.0,1.0,,60611,Chicago,IL,,,apartment,,0,0,0,3260.0
1.0,1.0,781.0,60611,Chicago,IL,,,apartment,,0,0,0,2490.0
1.0,1.0,810.0,60611,Chicago,IL,,,apartment,,0,0,0,2460.0
0.0,1.0,,60611,Chicago,IL,,,apartment,,0,0,0,1875.0
1.0,1.0,,60611,Chicago,IL,,,apartment,,0,0,0,2085.0
1.0,1.0,854.0,60611,Chicago,IL,,,apartment,,0,0,0,2515.0
1.0,1.0,,60611,Chicago,IL,,,apartment,,0,0,0,2065.0
0.0,1.0,,60611,Chicago,IL,,,apartment,,0,0,0,1820.0
0.0,1.0,,60611,Chicago,IL,,,apartment,,0,0,0,1795.0
1.0,1.0,750.0,60611,Chicago,IL,,,condos,,0,0,0,2550.0
0.0,1.0,600.0,60611,Chicago,IL,,,condos,,0,0,0,1750.0
3.0,4.0,3505.0,60611,Chicago,IL,,,apartment,,0,0,0,16000.0
1.0,1.0,800.0,60611,Chicago,IL,,,condos,,0,0,0,2100.0
2.0,3.0,2146.0,60611,Chicago,IL,,,condos,,0,0,0,9500.0
2.0,2.0,1425.0,60611,Chicago,IL,,,condos,,0,0,0,5000.0
1.0,1.0,800.0,60611,Chicago,IL,,,condos,,0,0,0,2500.0
1.0,1.0,650.0,60611,Chicago,IL,,,condos,,0,0,0,2100.0
1.0,1.0,685.0,60611,Chicago,IL,,,apartment,,0,0,0,2245.0
2.0,2.0,1500.0,60611,Chicago,IL,,,condos,,0,0,0,3200.0
0.0,1.0,,60611,Chicago,IL,,,condos,,0,0,0,2595.0
1.0,2.0,1045.0,60611,Chicago,IL,,,single_family,,0,0,0,3250.0
3.0,2.0,,60611,Chicago,IL,,,condos,,0,0,0,5000.0
1.0,1.0,,60611,Chicago,IL,,,apartment,,0,0,0,4438.0
2.0,2.0,1278.0,60611,Chicago,IL,,,apartment,,0,0,0,4610.0
1.0,1.0,819.0,60611,Chicago,IL,,,apartment,,0,0,0,3255.0
2.0,2.0,1233.0,60611,Chicago,IL,,,apartment,,0,0,0,4255.0
1.0,1.0,,60611,Chicago,IL,,,apartment,,0,0,0,3013.0
1.0,1.0,779.0,60611,Chicago,IL,,,apartment,,0,0,0,3130.0
1.0,2.0,879.0,60611,Chicago,IL,,,apartment,,0,0,0,3285.0
1.0,2.0,969.0,60611,Chicago,IL,,,apartment,,0,0,0,3695.0
1.0,1.0,642.0,60611,Chicago,IL,,,condos,,0,0,0,2150.0
1.0,1.0,614.0,60611,Chicago,IL,,,apartment,,0,0,0,2617.0
0.0,1.0,505.0,60611,Chicago,IL,,,apartment,,0,0,0,2620.0
2.0,2.0,1011.0,60611,Chicago,IL,,,apartment,,0,0,0,4395.0
2.0,2.0,1193.0,60611,Chicago,IL,,,apartment,,0,0,0,4735.0
1.0,1.0,800.0,60611,Chicago,IL,,,single_family,,0,0,0,2395.0
1.0,1.0,670.0,60611,Chicago,IL,,,apartment,,0,0,0,2375.0
1.0,1.0,921.0,60611,Chicago,IL,,,condos,,0,0,0,3000.0
1.0,1.0,,60611,Chicago,IL,,,condos,,0,0,0,2200.0
0.0,1.0,500.0,60611,Chicago,IL,,,single_family,,0,0,0,1650.0
2.0,2.0,1200.0,60611,Chicago,IL,,,condos,,0,0,0,3200.0
0.0,1.0,,60611,Chicago,IL,,,apartment,,0,0,0,1765.0
1.0,1.0,,60611,Chicago,IL,,,apartment,,0,0,0,2300.0
1.0,1.0,,60611,Chicago,IL,,,apartment,,0,0,0,2345.0
0.0,1.0,,60611,Chicago,IL,,,apartment,,0,0,0,1780.0
0.0,1.0,,60611,Chicago,IL,,,condos,,0,0,0,2100.0
1.0,1.0,,60611,Chicago,IL,,,condos,,0,0,0,2200.0
0.0,1.0,,60611,Chicago,IL,,,condos,,0,0,0,1950.0
3.0,2.0,1436.0,60611,Chicago,IL,,,condos,,0,0,0,4700.0
1.0,1.0,545.0,60611,Chicago,IL,,,condos,,0,0,0,2250.0
2.0,2.0,1361.0,60611,Chicago,IL,,,condos,,0,0,0,4300.0
1.0,1.0,820.0,60611,Chicago,IL,,,apartment,,0,0,0,2889.0
0.0,1.0,700.0,60611,Chicago,IL,,,apartment,,0,0,0,2633.0
0.0,1.0,540.0,60611,Chicago,IL,,,apartment,,0,0,0,2182.0
1.0,1.0,850.0,60611,Chicago,IL,,,condos,,0,0,0,2500.0
0.0,1.0,,60611,Chicago,IL,,,apartment,,0,0,0,2165.0
2.0,2.0,1233.0,60611,Chicago,IL,,,apartment,,0,0,0,4395.0
2.0,2.0,,60611,Chicago,IL,,,apartment,,0,0,0,5429.0
2.0,2.0,,60611,Chicago,IL,,,apartment,,0,0,0,5166.0
1.0,1.0,,60611,Chicago,IL,,,apartment,,0,0,0,3233.0
1.0,1.0,,60611,Chicago,IL,,,apartment,,0,0,0,3093.0
1.0,2.0,1025.0,60611,Chicago,IL,,,condos,,0,0,0,3500.0
1.0,1.0,695.0,60611,Chicago,IL,,,apartment,,0,0,0,2466.0
1.0,1.0,824.0,60611,Chicago,IL,,,apartment,,0,0,0,2570.0
1.0,1.0,683.0,60611,Chicago,IL,,,condos,,0,0,0,1900.0
1.0,1.0,850.0,60611,Chicago,IL,,,condos,,0,0,0,2300.0
0.0,1.0,606.0,60611,Chicago,IL,,,apartment,,0,0,0,2380.0
1.0,1.0,,60611,Chicago,IL,,,apartment,,0,0,0,3025.0
1.0,1.0,,60611,Chicago,IL,,,condos,,0,0,0,2466.0
1.0,1.0,,60611,Chicago,IL,,,condos,,0,0,0,1999.0
1.0,2.0,,60611,Chicago,IL,,,apartment,,0,0,0,3600.0
2.0,2.0,1445.0,60611,Chicago,IL,,,condos,,0,0,0,4500.0
2.0,1.0,1150.0,60611,Chicago,IL,,,condos,,0,0,0,3250.0
1.0,1.0,800.0,60611,Chicago,IL,,,single_family,,0,0,0,2650.0
2.0,2.0,,60611,Chicago,IL,,,apartment,,0,0,0,4976.0
1.0,1.0,645.0,60611,Chicago,IL,,,apartment,,0,0,0,2095.0
0.0,1.0,,60611,Chicago,IL,,,condos,,0,0,0,2300.0
1.0,1.0,650.0,60611,Chicago,IL,,,condos,,0,0,0,2260.0
2.0,2.0,1128.0,60611,Chicago,IL,,,condos,,0,0,0,3400.0
2.0,2.0,,60611,Chicago,IL,,,condos,,0,0,0,3500.0
2.0,3.0,1691.0,60611,Chicago,IL,,,condos,,0,0,0,4500.0
0.0,1.0,507.0,60611,Chicago,IL,,,apartment,,0,0,0,2250.0
2.0,2.0,1399.0,60611,Chicago,IL,,,apartment,,0,0,0,5010.0
1.0,1.0,,60611,Chicago,IL,,,apartment,,0,0,0,2085.0
1.0,1.0,,60611,Chicago,IL,,,condos,,0,0,0,1996.0
1.0,1.0,,60611,Chicago,IL,,,apartment,,0,0,0,2115.0
1.0,1.0,,60611,Chicago,IL,,,apartment,,0,0,0,2615.0
1.0,1.0,,60611,Chicago,IL,,,apartment,,0,0,0,2245.0
1.0,1.0,,60611,Chicago,IL,,,apartment,,0,0,0,2350.0
0.0,1.0,705.0,60611,Chicago,IL,,,condos,,0,0,0,2200.0
2.0,3.0,2754.0,60611,Chicago,IL,,,condos,,0,0,0,8150.0
1.0,2.0,1116.0,60611,Chicago,IL,,,condos,,0,0,0,3200.0
2.0,2.0,1130.0,60611,Chicago,IL,,,condos,,0,0,0,3450.0
1.0,1.0,995.0,60611,Chicago,IL,,,condos,,0,0,0,2450.0
1.0,1.0,1055.0,60611,Chicago,IL,,,condos,,0,0,0,3000.0
0.0,1.0,620.0,60611,Chicago,IL,,,apartment,,0,0,0,2380.0
1.0,1.0,781.0,60611,Chicago,IL,,,apartment,,0,0,0,2895.0
3.0,3.0,2150.0,60611,Chicago,IL,,,condos,,0,0,0,15000.0
1.0,1.0,683.0,60611,Chicago,IL,,,apartment,,0,0,0,2575.0
0.0,1.0,600.0,60611,Chicago,IL,,,condos,,0,0,0,2100.0
1.0,1.0,889.0,60611,Chicago,IL,,,condos,,0,0,0,2300.0
0.0,1.0,,60611,Chicago,IL,,,condos,,0,0,0,1775.0
1.0,1.0,,60611,Chicago,IL,,,single_family,,0,0,0,2350.0
2.0,2.0,,60611,Chicago,IL,,,apartment,,0,0,0,3905.0
1.0,1.0,911.0,60611,Chicago,IL,,,apartment,,0,0,0,2805.0
4.0,4.0,3587.0,90210,Beverly Hills,CA,,,single_family,,0,0,0,55000.0
4.0,4.0,3296.0,90210,Beverly Hills,CA,,,single_family,,0,0,0,19500.0
5.0,6.0,4824.0,90210,Beverly Hills,CA,,,single_family,,0,0,0,30000.0
4.0,5.0,3473.0,90210,Beverly Hills,CA,,,single_family,,0,0,0,30000.0
6.0,7.0,8679.0,90210,Beverly Hills,CA,,,single_family,,0,0,0,65000.0
3.0,2.0,1816.0,90210,Beverly Hills,CA,,,condos,,0,0,0,7250.0
3.0,3.0,1900.0,90210,Beverly Hills,CA,,,single_family,,0,0,0,10750.0
6.0,8.0,8417.0,90210,Beverly Hills,CA,,,single_family,,0,0,0,95000.0
1.0,2.0,972.0,90210,Beverly Hills,CA,,,condos,,0,0,0,5300.0
4.0,5.0,3120.0,90210,Beverly Hills,CA,,,single_family,,0,0,0,21000.0
5.0,6.0,4170.0,90210,Los Angeles,CA,,,single_family,,0,0,0,33900.0
7.0,14.0,20520.0,90210,Beverly Hills,CA,,,single_family,,0,0,0,250000.0
6.0,10.0,10875.0,90210,Beverly Hills,CA,,,single_family,,0,0,0,39000.0
4.0,5.0,,90210,Beverly Hills,CA,,,single_family,,0,0,0,14950.0
5.0,5.0,3947.0,90210,Beverly Hills,CA,,,single_family,,0,0,0,22000.0
5.0,7.0,7390.0,90210,Beverly Hills,CA,,,single_family,,0,0,0,39000.0
5.0,7.0,,90210,Beverly Hills,CA,,,single_family,,0,0,0,35000.0
5.0,7.0,8852.0,90210,Beverly Hills,CA,,,single_family,,0,0,0,50000.0
,,,90210,Beverly Hills,CA,,,apartment,,0,0,0,
4.0,5.0,5350.0,90210,Beverly Hills,CA,,,single_family,,0,0,0,50000.0
4.0,4.0,3301.0,90210,Beverly Hills,CA,,,single_family,,0,0,0,17500.0
3.0,5.0,2600.0,90210,Beverly Hills,CA,,,single_family,,0,0,0,29950.0
2.0,2.0,1850.0,90210,Beverly Hills,CA,,,single_family,,0,0,0,14250.0
1.0,2.0,1730.0,90210,Beverly Hills,CA,,,apartment,,0,0,0,5200.0
4.0,4.0,4000.0,90210,Beverly Hills,CA,,,single_family,,0,0,0,25000.0
4.0,5.0,4238.0,90210,Beverly Hills,CA,,,single_family,,0,0,0,27500.0
7.0,9.0,12000.0,90210,Beverly Hills,CA,,,single_family,,0,0,0,54990.0
6.0,7.0,7453.0,90210,Beverly Hills,CA,,,single_family,,0,0,0,50000.0
6.0,9.0,7850.0,90210,Beverly Hills,CA,,,single_family,,0,0,0,100000.0
5.0,6.0,6474.0,90210,Beverly Hills,CA,,,single_family,,0,0,0,45000.0
5.0,5.0,3773.0,90210,Beverly Hills,CA,,,single_family,,0,0,0,20000.0
5.0,6.0,5200.0,90210,Beverly Hills,CA,,,single_family,,0,0,0,29900.0
4.0,3.0,2739.0,90210,Beverly Hills,CA,,,single_family,,0,0,0,36000.0
4.0,3.0,3837.0,90210,Beverly Hills,CA,,,single_family,,0,0,0,14950.0
7.0,6.0,4312.0,90210,Beverly Hills,CA,,,single_family,,0,0,0,29500.0
4.0,5.0,6500.0,90210,Beverly Hills,CA,,,single_family,,0,0,0,33000.0
4.0,4.0,,90210,Beverly Hills,CA,,,single_family,,0,0,0,38000.0
4.0,4.0,2395.0,90210,Beverly Hills,CA,,,single_family,,0,0,0,13800.0
6.0,7.0,5600.0,90210,Beverly Hills,CA,,,single_family,,0,0,0,22500.0
5.0,6.0,5200.0,90210,Beverly Hills,CA,,,single_family,,0,0,0,29900.0
4.0,4.0,3977.0,90210,Beverly Hills,CA,,,single_family,,0,0,0,14999.0
6.0,12.0,12709.0,90210,Beverly Hills,CA,,,single_family,,0,0,0,135000.0
2.0,2.0,1791.0,90210,Beverly Hills,CA,,,coop,,0,0,0,5900.0
6.0,6.0,4645.0,90210,Beverly Hills,CA,,,single_family,,0,0,0,34500.0
4.0,5.0,4100.0,90210,Beverly Hills,CA,,,single_family,,0,0,0,48000.0
1.0,1.0,750.0,90210,Beverly Hills,CA,,,single_family,,0,0,0,2500.0
1.0,1.0,750.0,90210,Beverly Hills,CA,,,single_family,,0,0,0,2600.0
8.0,10.0,16650.0,90210,Beverly Hills,CA,,,single_family,,0,0,0,180000.0
3.0,3.0,2700.0,90210,Beverly Hills,CA,,,single_family,,0,0,0,17000.0
4.0,4.0,3577.0,90210,Beverly Hills,CA,,,single_family,,0,0,0,13000.0
5.0,6.0,5900.0,90210,Beverly Hills,CA,,,single_family,,0,0,0,20125.0
4.0,5.0,4000.0,90210,Beverly Hills,CA,,,single_family,,0,0,0,27500.0
1.0,2.0,1411.0,90210,Beverly Hills,CA,,,apartment,,0,0,0,13000.0
2.0,3.0,1503.0,90210,Beverly Hills,CA,,,apartment,,0,0,0,16250.0
1.0,2.0,984.0,90210,Beverly Hills,CA,,,apartment,,0,0,0,3500.0
4.0,4.0,2662.0,90210,Beverly Hills,CA,,,single_family,,0,0,0,13200.0
4.0,5.0,3105.0,90210,Beverly Hills,CA,,,single_family,,0,0,0,17500.0
5.0,6.0,7321.0,90210,Beverly Hills,CA,,,single_family,,0,0,0,125000.0
,,,90210,Beverly Hills,CA,,,apartment,,0,0,0,
4.0,7.0,7755.0,90210,Beverly Hills,CA,,,single_family,,0,0,0,30000.0
4.0,6.0,5421.0,90210,Beverly Hills,CA,,,single_family,,0,0,0,30000.0
4.0,3.0,3115.0,90210,Beverly Hills,CA,,,single_family,,0,0,0,14995.0
3.0,3.0,2126.0,90210,Beverly Hills,CA,,,condos,,0,0,0,8500.0
5.0,7.0,5395.0,90210,Beverly Hills,CA,,,single_family,,0,0,0,65000.0
4.0,6.0,5421.0,90210,Beverly Hills,CA,,,single_family,,0,0,0,30000.0
3.0,3.0,1807.0,90210,Beverly Hills,CA,,,condos,,0,0,0,5895.0
3.0,4.0,2920.0,90210,Beverly Hills,CA,,,single_family,,0,0,0,20000.0
6.0,6.0,8857.0,90210,Beverly Hills,CA,,,single_family,,0,0,0,82500.0
4.0,3.0,2965.0,90210,Beverly Hills,CA,,,single_family,,0,0,0,12495.0
,,,90210,Beverly Hills,CA,,,apartment,,0,0,0,
2.0,2.0,1534.0,90210,Beverly Hills,CA,,,condos,,0,0,0,5900.0
8.0,9.0,7000.0,90210,Beverly Hills,CA,,,single_family,,0,0,0,60000.0
1.0,1.0,900.0,90210,Beverly Hills,CA,,,single_family,,0,0,0,3500.0
6.0,7.0,5556.0,90210,Beverly Hills,CA,,,single_family,,0,0,0,48500.0
8.0,9.0,7000.0,90210,Beverly Hills,CA,,,single_family,,0,0,0,60000.0
0.0,1.0,450.0,90210,Beverly Hills,CA,,,apartment,,0,0,0,1995.0
3.0,3.0,1453.0,90210,Beverly Hills,CA,,,single_family,,0,0,0,8500.0
2.0,2.0,1199.0,90210,Beverly Hills,CA,,,single_family,,0,0,0,8300.0
6.0,6.0,7100.0,90210,Beverly Hills,CA,,,single_family,,0,0,0,90000.0
7.0,8.0,10000.0,90210,Beverly Hills,CA,,,single_family,,0,0,0,40000.0
6.0,9.0,8829.0,90210,Beverly Hills,CA,,,single_family,,0,0,0,110000.0
1.0,1.0,,90210,Los Angeles,CA,,,condos,,0,0,0,5450.0
2.0,2.0,1100.0,90210,Beverly Hills,CA,,,apartment,,0,0,0,4000.0
1.0,1.0,,90210,Beverly Hills,CA,,,single_family,,0,0,0,5300.0
4.0,5.0,3535.0,90210,Beverly Hills,CA,,,single_family,,0,0,0,42500.0
5.0,7.0,3730.0,90210,Beverly Hills,CA,,,single_family,,0,0,0,24995.0
6.0,7.0,7400.0,90210,Beverly Hills,CA,,,single_family,,0,0,0,79000.0
2.0,2.0,,90210,Beverly Hills,CA,,,single_family,,0,0,0,6500.0
8.0,10.0,9310.0,90210,Beverly Hills,CA,,,single_family,,0,0,0,65000.0
8.0,10.0,9310.0,90210,Beverly Hills,CA,,,single_family,,0,0,0,65000.0
4.0,6.0,5875.0,90210,Beverly Hills,CA,,,single_family,,0,0,0,25000.0
9.0,10.0,9540.0,90210,Beverly Hills,CA,,,single_family,,0,0,0,79000.0
3.0,3.0,3429.0,90210,Beverly Hills,CA,,,single_family,,0,0,0,21500.0
7.0,7.0,8085.0,90210,Beverly Hills,CA,,,single_family,,0,0,0,54945.0
,,,90210,Beverly Hills,CA,,,apartment,,0,0,0,
8.0,13.0,,90210,Beverly Hills,CA,,,single_family,,0,0,0,100000.0
4.0,5.0,3775.0,90210,Beverly Hills,CA,,,single_family,,0,0,0,20000.0
3.0,3.0,3563.0,90210,Beverly Hills,CA,,,single_family,,0,0,0,20000.0
2.0,2.0,1431.0,90210,Beverly Hills,CA,,,single_family,,0,0,0,10750.0
5.0,6.0,5702.0,90210,Beverly Hills,CA,,,single_family,,0,0,0,50000.0
5.0,5.0,3756.0,90210,Beverly Hills,CA,,,single_family,,0,0,0,29000.0
6.0,9.0,11500.0,90210,Beverly Hills,CA,,,single_family,,0,0,0,90000.0
2.0,3.0,1995.0,90210,Beverly Hills,CA,,,condos,,0,0,0,5900.0
4.0,4.0,4441.0,90210,Beverly Hills,CA,,,single_family,,0,0,0,45000.0
6.0,6.0,5297.0,90210,Beverly Hills,CA,,,single_family,,0,0,0,80000.0
2.0,2.0,1750.0,90210,Beverly Hills,CA,,,single_family,,0,0,0,6484.0
4.0,7.0,6175.0,90210,Beverly Hills,CA,,,single_family,,0,0,0,49500.0
5.0,7.0,6646.0,90210,Beverly Hills,CA,,,single_family,,0,0,0,39500.0
4.0,4.0,3535.0,90210,Beverly Hills,CA,,,single_family,,0,0,0,19950.0
2.0,2.0,1150.0,90210,Beverly Hills,CA,,,apartment,,0,0,0,3400.0
5.0,7.0,7407.0,90210,Beverly Hills,CA,,,single_family,,0,0,0,38000.0
10.0,9.0,8484.0,90210,Beverly Hills,CA,,,single_family,,0,0,0,70000.0
6.0,9.0,5738.0,90210,Beverly Hills,CA,,,single_family,,0,0,0,45000.0
7.0,8.0,10435.0,90210,Beverly Hills,CA,,,single_family,,0,0,0,85000.0
7.0,8.0,10435.0,90210,Beverly Hills,CA,,,single_family,,0,0,0,85000.0
8.0,12.0,15000.0,90210,Beverly Hills,CA,,,single_family,,0,0,0,120000.0
5.0,6.0,6900.0,90210,Beverly Hills,CA,,,single_family,,0,0,0,35000.0
5.0,6.0,5455.0,90210,Beverly Hills,CA,,,single_family,,0,0,0,22500.0
4.0,4.0,2961.0,90210,Beverly Hills,CA,,,single_family,,0,0,0,16000.0
1.0,1.0,650.0,90210,Beverly Hills,CA,,,single_family,,0,0,0,3600.0
7.0,5.0,5800.0,90210,Beverly Hills,CA,,,single_family,,0,0,0,40000.0
5.0,8.0,8467.0,90210,Beverly Hills,CA,,,single_family,,0,0,0,42350.0
9.0,12.0,17200.0,90210,Beverly Hills,CA,,,single_family,,0,0,0,165000.0
8.0,10.0,8085.0,90210,Beverly Hills,CA,,,single_family,,0,0,0,77000.0
4.0,4.0,2792.0,90210,Beverly Hills,CA,,,single_family,,0,0,0,13500.0
6.0,9.0,6194.0,90210,Beverly Hills,CA,,,single_family,,0,0,0,65000.0
6.0,7.0,6983.0,90210,Beverly Hills,CA,,,single_family,,0,0,0,37500.0
7.0,10.0,14000.0,90210,Beverly Hills,CA,,,single_family,,0,0,0,130000.0
5.0,3.0,4371.0,90210,Beverly Hills,CA,,,single_family,,0,0,0,47500.0
10.0,22.0,24757.0,90210,Beverly Hills,CA,,,single_family,,0,0,0,250000.0
10.0,12.0,21000.0,90210,Beverly Hills,CA,,,single_family,,0,0,0,195000.0
3.0,3.0,2555.0,90210,Beverly Hills,CA,,,single_family,,0,0,0,19900.0
5.0,6.0,4376.0,90210,Beverly Hills,CA,,,single_family,,0,0,0,48000.0
3.0,3.0,1820.0,90210,Beverly Hills,CA,,,condos,,0,0,0,7900.0
6.0,11.0,16217.0,90210,Beverly Hills,CA,,,single_family,,0,0,0,192500.0
,,,90210,Beverly Hills,CA,,,apartment,,0,0,0,
,,,90210,Beverly Hills,CA,,,apartment,,0,0,0,
2.0,2.0,,90210,Beverly Hills,CA,,,apartment,,0,0,0,6000.0
1.0,1.0,900.0,90210,Beverly Hills,CA,,,condos,,0,0,0,3500.0
9.0,16.0,21000.0,90210,Beverly Hills,CA,,,single_family,,0,0,0,247500.0
,,,90210,Beverly Hills,CA,,,apartment,,0,0,0,
4.0,4.0,3710.0,90210,Beverly Hills,CA,,,single_family,,0,0,0,21500.0
8.0,14.0,24500.0,90210,Beverly Hills,CA,,,single_family,,0,0,0,150000.0
1.0,1.0,900.0,90210,Beverly Hills,CA,,,apartment,,0,0,0,2899.0
6.0,7.0,8909.0,90210,Beverly Hills,CA,,,single_family,,0,0,0,75000.0
5.0,7.0,6646.0,90210,Beverly Hills,CA,,,single_family,,0,0,0,39500.0
7.0,13.0,10000.0,90210,Beverly Hills,CA,,,single_family,,0,0,0,37500.0
2.0,3.0,1978.0,90210,Beverly Hills,CA,,,single_family,,0,0,0,13000.0
7.0,11.0,19000.0,90210,Beverly Hills,CA,,,single_family,,0,0,0,195000.0
2.0,3.0,1740.0,90210,Beverly Hills,CA,,,condos,,0,0,0,6995.0
2.0,2.0,1351.0,78701,Austin,TX,,,condos,,0,0,0,6250.0
2.0,2.0,1164.0,78701,Austin,TX,,,condos,,0,0,0,3300.0
2.0,2.0,1467.0,78701,Austin,TX,,,condos,,0,0,0,9000.0
2.0,2.0,1912.0,78701,Austin,TX,,,condos,,0,0,0,4295.0
1.0,1.0,708.0,78701,Austin,TX,,,condos,,0,0,0,2100.0
2.0,2.0,1428.0,78701,Austin,TX,,,condos,,0,0,0,6500.0
2.0,2.0,1456.0,78701,Austin,TX,,,condos,,0,0,0,3500.0
3.0,4.0,2822.0,78701,Austin,TX,,,condos,,0,0,0,13000.0
1.0,1.0,698.0,78701,Austin,TX,,,condos,,0,0,0,3500.0
1.0,1.0,706.0,78701,Austin,TX,,,condos,,0,0,0,3150.0
2.0,2.0,1252.0,78701,Austin,TX,,,condos,,0,0,0,3200.0
2.0,2.0,1322.0,78701,Austin,TX,,,condos,,0,0,0,5500.0
2.0,2.0,880.0,78701,Austin,TX,,,condos,,0,0,0,2050.0
2.0,2.0,1122.0,78701,Austin,TX,,,condos,,0,0,0,3200.0
3.0,3.0,2032.0,78701,Austin,TX,,,condos,,0,0,0,8500.0
1.0,1.0,652.0,78701,Austin,TX,,,condos,,0,0,0,2650.0
2.0,2.0,1169.0,78701,Austin,TX,,,condos,,0,0,0,5500.0
2.0,2.0,796.0,78701,Austin,TX,,,condos,,0,0,0,3500.0
2.0,2.0,1312.0,78701,Austin,TX,,,condos,,0,0,0,5995.0
2.0,2.0,793.0,78701,Austin,TX,,,condos,,0,0,0,3600.0
2.0,2.0,1128.0,78701,Austin,TX,,,condos,,0,0,0,3800.0
3.0,2.0,1363.0,78701,Austin,TX,,,condos,,0,0,0,3475.0
1.0,1.0,1315.0,78701,Austin,TX,,,condos,,0,0,0,3150.0
1.0,1.0,723.0,78701,Austin,TX,,,condos,,0,0,0,1895.0
5.0,3.0,2029.0,78701,Austin,TX,,,single_family,,0,0,0,6000.0
1.0,1.0,748.0,78701,Austin,TX,,,condos,,0,0,0,2595.0
1.0,1.0,908.0,78701,Austin,TX,,,condos,,0,0,0,3500.0
1.0,1.0,709.0,78701,Austin,TX,,,condos,,0,0,0,2199.0
1.0,1.0,685.0,78701,Austin,TX,,,condos,,0,0,0,3400.0
1.0,1.0,687.0,78701,Austin,TX,,,condos,,0,0,0,3000.0
2.0,2.0,1216.0,78701,Austin,TX,,,condos,,0,0,0,5000.0
1.0,1.0,756.0,78701,Austin,TX,,,condos,,0,0,0,2295.0
3.0,3.0,1242.0,78701,Austin,TX,,,apartment,,0,0,0,950.0
1.0,1.0,842.0,78701,Austin,TX,,,condos,,0,0,0,3500.0
1.0,2.0,1059.0,78701,Austin,TX,,,condos,,0,0,0,5200.0
1.0,1.0,982.0,78701,Austin,TX,,,apartment,,0,0,0,2200.0
1.0,1.0,636.0,78701,Austin,TX,,,condos,,0,0,0,2000.0
3.0,3.0,2032.0,78701,Austin,TX,,,condos,,0,0,0,8750.0
2.0,2.0,1106.0,78701,Austin,TX,,,condos,,0,0,0,5000.0
1.0,1.0,902.0,78701,Austin,TX,,,condos,,0,0,0,3000.0
1.0,1.0,700.0,78701,Austin,TX,,,apartment,,0,0,0,1520.0
2.0,2.0,1462.0,78701,Austin,TX,,,condos,,0,0,0,3200.0
0.0,1.0,400.0,78701,Austin,TX,,,apartment,,0,0,0,1020.0
1.0,1.0,809.0,78701,Austin,TX,,,condos,,0,0,0,2300.0
2.0,2.0,1345.0,78701,Austin,TX,,,apartment,,0,0,0,4303.0
1.0,2.0,846.0,78701,Austin,TX,,,condos,,0,0,0,3700.0
3.0,3.0,2179.0,78701,Austin,TX,,,condos,,0,0,0,15000.0
1.0,1.0,667.0,78701,Austin,TX,,,condos,,0,0,0,2850.0
2.0,2.0,1287.0,78701,Austin,TX,,,condos,,0,0,0,3000.0
1.0,1.0,801.0,78701,Austin,TX,,,condos,,0,0,0,2550.0
2.0,2.0,1579.0,78701,Austin,TX,,,condos,,0,0,0,8500.0
1.0,1.0,650.0,78701,Austin,TX,,,apartment,,0,0,0,966.0
1.0,2.0,846.0,78701,Austin,TX,,,condos,,0,0,0,3750.0
2.0,2.0,1286.0,78701,Austin,TX,,,condos,,0,0,0,2800.0
1.0,1.0,700.0,78701,Austin,TX,,,apartment,,0,0,0,1520.0
1.0,1.0,756.0,78701,Austin,TX,,,condos,,0,0,0,2300.0
1.0,1.0,756.0,78701,Austin,TX,,,condos,,0,0,0,2295.0
2.0,2.0,1293.0,78701,Austin,TX,,,condos,,0,0,0,7500.0
3.0,1.0,950.0,78701,Austin,TX,,,single_family,,0,0,0,2350.0
4.0,4.0,3129.0,78701,Austin,TX,,,condos,,0,0,0,17900.0
2.0,3.0,1646.0,78701,Austin,TX,,,condos,,0,0,0,17500.0
1.0,1.0,608.0,78701,Austin,TX,,,condos,,0,0,0,1395.0
2.0,2.0,1456.0,78701,Austin,TX,,,condos,,0,0,0,3200.0
1.0,1.0,632.0,78701,Austin,TX,,,condos,,0,0,0,2900.0
1.0,1.0,893.0,78701,Austin,TX,,,condos,,0,0,0,3200.0
2.0,3.0,1423.0,78701,Austin,TX,,,condos,,0,0,0,8000.0
1.0,2.0,1115.0,78701,Austin,TX,,,condos,,0,0,0,3650.0
1.0,1.0,700.0,78701,Austin,TX,,,apartment,,0,0,0,1520.0
1.0,2.0,1243.0,78701,Austin,TX,,,condos,,0,0,0,4100.0
1.0,1.0,,78701,Austin,TX,,,condos,,0,0,0,3990.0
1.0,1.0,846.0,78701,Austin,TX,,,condos,,0,0,0,3500.0
,,,78701,Austin,TX,,,apartment,,0,0,0,
2.0,2.0,1286.0,78701,Austin,TX,,,condos,,0,0,0,5999.0
1.0,1.0,865.0,78701,Austin,TX,,,condos,,0,0,0,2300.0
2.0,2.0,1281.0,78701,Austin,TX,,,condos,,0,0,0,6300.0
1.0,1.0,1351.0,78701,Austin,TX,,,condos,,0,0,0,2900.0
2.0,2.0,880.0,78701,Austin,TX,,,condos,,0,0,0,2000.0
2.0,3.0,1886.0,78701,Austin,TX,,,condos,,0,0,0,13100.0
3.0,1.0,2053.0,78701,Austin,TX,,,duplex_triplex,,0,0,0,4200.0
3.0,3.0,1743.0,78701,Austin,TX,,,condos,,0,0,0,7000.0
,,,78701,Austin,TX,,,apartment,,0,0,0,
3.0,2.0,1180.0,78701,Austin,TX,,,apartment,,0,0,0,2750.0
1.0,1.0,1180.0,78701,Austin,TX,,,apartment,,0,0,0,1250.0
2.0,2.0,1459.0,78701,Austin,TX,,,condos,,0,0,0,2995.0
2.0,2.0,1360.0,78701,Austin,TX,,,condos,,0,0,0,2999.0
1.0,1.0,760.0,78701,Austin,TX,,,condos,,0,0,0,2695.0
2.0,2.0,880.0,78701,Austin,TX,,,condos,,0,0,0,1950.0
3.0,3.0,2057.0,78701,Austin,TX,,,condos,,0,0,0,6900.0
0.0,1.0,537.0,78701,Austin,TX,,,condos,,0,0,0,2475.0
1.0,1.0,900.0,78701,Austin,TX,,,condos,,0,0,0,1425.0
1.0,1.0,879.0,78701,Austin,TX,,,condos,,0,0,0,2200.0
2.0,3.0,1440.0,78701,Austin,TX,,,condos,,0,0,0,3150.0
1.0,1.0,1060.0,78701,Austin,TX,,,condos,,0,0,0,5900.0
2.0,2.0,1336.0,78701,Austin,TX,,,condos,,0,0,0,4700.0
1.0,1.0,842.0,78701,Austin,TX,,,condos,,0,0,0,2295.0
,,,78701,Austin,TX,,,condo_townhome,,0,0,0,
1.0,2.0,1192.0,78701,Austin,TX,,,condos,,0,0,0,3850.0
1.0,1.0,915.0,78701,Austin,TX,,,condos,,0,0,0,3600.0
2.0,2.0,954.0,78701,Austin,TX,,,condos,,0,0,0,1900.0
1.0,1.0,608.0,78701,Austin,TX,,,condos,,0,0,0,1550.0
2.0,2.0,1351.0,78701,Austin,TX,,,condos,,0,0,0,6500.0
1.0,2.0,1001.0,78701,Austin,TX,,,condos,,0,0,0,4000.0
0.0,1.0,400.0,78701,Austin,TX,,,apartment,,0,0,0,1020.0
2.0,2.0,969.0,78701,Austin,TX,,,condos,,0,0,0,4000.0
3.0,4.0,2114.0,78701,Austin,TX,,,condos,,0,0,0,9750.0
3.0,2.0,950.0,78701,Austin,TX,,,single_family,,0,0,0,3100.0
2.0,3.0,1229.0,78701,Austin,TX,,,condos,,0,0,0,2000.0
2.0,1.0,740.0,78701,Austin,TX,,,condos,,0,0,0,1695.0
2.0,2.0,1281.0,78701,Austin,TX,,,condos,,0,0,0,6050.0
1.0,1.0,638.0,78701,Austin,TX,,,condos,,0,0,0,2200.0
1.0,1.0,679.0,78701,Austin,TX,,,condos,,0,0,0,3500.0
1.0,1.0,706.0,78701,Austin,TX,,,condos,,0,0,0,3100.0
2.0,1.0,678.0,78701,Austin,TX,,,apartment,,0,0,0,4770.0
2.0,1.0,1442.0,78701,Austin,TX,,,apartment,,0,0,0,6050.0
2.0,2.0,,78701,Austin,TX,,,apartment,,0,0,0,3565.0
2.0,2.0,1232.0,78701,Austin,TX,,,condos,,0,0,0,4500.0
2.0,2.0,1137.0,78701,Austin,TX,,,apartment,,0,0,0,4594.0
1.0,1.0,746.0,78701,Austin,TX,,,apartment,,0,0,0,1929.0
1.0,1.0,735.0,78701,Austin,TX,,,apartment,,0,0,0,3065.0
1.0,1.0,703.0,78701,Austin,TX,,,apartment,,0,0,0,3451.0
2.0,2.0,1042.0,78701,Austin,TX,,,apartment,,0,0,0,4519.0
2.0,2.0,1225.0,78701,Austin,TX,,,apartment,,0,0,0,3631.0
1.0,1.0,625.0,78701,Austin,TX,,,apartment,,0,0,0,2352.0
1.0,1.0,737.0,78701,Austin,TX,,,apartment,,0,0,0,1960.0
1.0,1.0,680.0,78701,Austin,TX,,,apartment,,0,0,0,1961.0
,,,78701,Austin,TX,,,apartment,,0,0,0,
0.0,1.0,255.0,78701,Austin,TX,,,apartment,,0,0,0,1250.0
1.0,1.0,608.0,78701,Austin,TX,,,condos,,0,0,0,1325.0
1.0,1.0,608.0,78701,Austin,TX,,,condos,,0,0,0,1325.0
1.0,1.0,618.0,78701,Austin,TX,,,condos,,0,0,0,1325.0
1.0,1.0,609.0,78701,Austin,TX,,,condos,,0,0,0,1325.0
1.0,1.0,608.0,78701,Austin,TX,,,condos,,0,0,0,1325.0
1.0,1.0,608.0,78701,Austin,TX,,,condos,,0,0,0,1325.0
1.0,1.0,608.0,78701,Austin,TX,,,condos,,0,0,0,1325.0
1.0,1.0,600.0,78701,Austin,TX,,,condos,,0,0,0,1425.0
,,,78701,Austin,TX,,,apartment,,0,0,0,
2.0,2.0,1897.0,78701,Austin,TX,,,condos,,0,0,0,8500.0
1.0,1.0,711.0,78701,Austin,TX,,,condos,,0,0,0,1799.0
2.0,1.0,857.0,78701,Austin,TX,,,condos,,0,0,0,1995.0
2.0,2.0,1232.0,78701,Austin,TX,,,condos,,0,0,0,4650.0
,,,78701,Austin,TX,,,apartment,,0,0,0,
0.0,1.0,501.0,78701,Austin,TX,,,condos,,0,0,0,2351.0
0.0,1.0,352.0,78701,Austin,TX,,,condos,,0,0,0,1321.0
2.0,2.0,1092.0,78701,Austin,TX,,,condos,,0,0,0,3451.0
2.0,2.0,748.0,78701,Austin,TX,,,condos,,0,0,0,2722.0
0.0,1.0,602.0,78701,Austin,TX,,,condos,,0,0,0,2646.0
1.0,1.0,598.0,78701,Austin,TX,,,condos,,0,0,0,2574.0
2.0,2.0,1048.0,78701,Austin,TX,,,condos,,0,0,0,3660.0
2.0,2.0,1627.0,78701,Austin,TX,,,condos,,0,0,0,5000.0
1.0,1.0,835.0,78701,Austin,TX,,,condos,,0,0,0,2923.0
